ERROR 2024-07-13 17:19:10,350 log Internal Server Error: /api/login/
Traceback (most recent call last):
  File "/mnt/c/Users/ryanb/Desktop/new_code/bookrank/.linux-venv/lib/python3.10/site-packages/django/core/handlers/exception.py", line 55, in inner
    response = get_response(request)
  File "/mnt/c/Users/ryanb/Desktop/new_code/bookrank/.linux-venv/lib/python3.10/site-packages/django/core/handlers/base.py", line 197, in _get_response
    response = wrapped_callback(request, *callback_args, **callback_kwargs)
  File "/mnt/c/Users/ryanb/Desktop/new_code/bookrank/.linux-venv/lib/python3.10/site-packages/django/views/decorators/csrf.py", line 65, in _view_wrapper
    return view_func(request, *args, **kwargs)
  File "/mnt/c/Users/ryanb/Desktop/new_code/bookrank/.linux-venv/lib/python3.10/site-packages/django/views/generic/base.py", line 104, in view
    return self.dispatch(request, *args, **kwargs)
  File "/mnt/c/Users/ryanb/Desktop/new_code/bookrank/.linux-venv/lib/python3.10/site-packages/rest_framework/views.py", line 509, in dispatch
    response = self.handle_exception(exc)
  File "/mnt/c/Users/ryanb/Desktop/new_code/bookrank/.linux-venv/lib/python3.10/site-packages/rest_framework/views.py", line 469, in handle_exception
    self.raise_uncaught_exception(exc)
  File "/mnt/c/Users/ryanb/Desktop/new_code/bookrank/.linux-venv/lib/python3.10/site-packages/rest_framework/views.py", line 480, in raise_uncaught_exception
    raise exc
  File "/mnt/c/Users/ryanb/Desktop/new_code/bookrank/.linux-venv/lib/python3.10/site-packages/rest_framework/views.py", line 506, in dispatch
    response = handler(request, *args, **kwargs)
  File "/mnt/c/Users/ryanb/Desktop/new_code/bookrank/app/djangoapp/djangoapp/views.py", line 176, in post
    logger.debug(user.user_id)
AttributeError: 'UserAccount' object has no attribute 'user_id'
ERROR 2024-07-13 17:19:10,585 log Internal Server Error: /api/login/
Traceback (most recent call last):
  File "/mnt/c/Users/ryanb/Desktop/new_code/bookrank/.linux-venv/lib/python3.10/site-packages/django/db/backends/utils.py", line 105, in _execute
    return self.cursor.execute(sql, params)
  File "/mnt/c/Users/ryanb/Desktop/new_code/bookrank/.linux-venv/lib/python3.10/site-packages/django/db/backends/sqlite3/base.py", line 329, in execute
    return super().execute(query, params)
sqlite3.IntegrityError: UNIQUE constraint failed: djangoapp_useraccount.username

The above exception was the direct cause of the following exception:

Traceback (most recent call last):
  File "/mnt/c/Users/ryanb/Desktop/new_code/bookrank/.linux-venv/lib/python3.10/site-packages/django/core/handlers/exception.py", line 55, in inner
    response = get_response(request)
  File "/mnt/c/Users/ryanb/Desktop/new_code/bookrank/.linux-venv/lib/python3.10/site-packages/django/core/handlers/base.py", line 197, in _get_response
    response = wrapped_callback(request, *callback_args, **callback_kwargs)
  File "/mnt/c/Users/ryanb/Desktop/new_code/bookrank/.linux-venv/lib/python3.10/site-packages/django/views/decorators/csrf.py", line 65, in _view_wrapper
    return view_func(request, *args, **kwargs)
  File "/mnt/c/Users/ryanb/Desktop/new_code/bookrank/.linux-venv/lib/python3.10/site-packages/django/views/generic/base.py", line 104, in view
    return self.dispatch(request, *args, **kwargs)
  File "/mnt/c/Users/ryanb/Desktop/new_code/bookrank/.linux-venv/lib/python3.10/site-packages/rest_framework/views.py", line 509, in dispatch
    response = self.handle_exception(exc)
  File "/mnt/c/Users/ryanb/Desktop/new_code/bookrank/.linux-venv/lib/python3.10/site-packages/rest_framework/views.py", line 469, in handle_exception
    self.raise_uncaught_exception(exc)
  File "/mnt/c/Users/ryanb/Desktop/new_code/bookrank/.linux-venv/lib/python3.10/site-packages/rest_framework/views.py", line 480, in raise_uncaught_exception
    raise exc
  File "/mnt/c/Users/ryanb/Desktop/new_code/bookrank/.linux-venv/lib/python3.10/site-packages/rest_framework/views.py", line 506, in dispatch
    response = handler(request, *args, **kwargs)
  File "/mnt/c/Users/ryanb/Desktop/new_code/bookrank/app/djangoapp/djangoapp/views.py", line 175, in post
    user = UserAccount.objects.create(username=username, password=make_password(password))
  File "/mnt/c/Users/ryanb/Desktop/new_code/bookrank/.linux-venv/lib/python3.10/site-packages/django/db/models/manager.py", line 87, in manager_method
    return getattr(self.get_queryset(), name)(*args, **kwargs)
  File "/mnt/c/Users/ryanb/Desktop/new_code/bookrank/.linux-venv/lib/python3.10/site-packages/django/db/models/query.py", line 679, in create
    obj.save(force_insert=True, using=self.db)
  File "/mnt/c/Users/ryanb/Desktop/new_code/bookrank/.linux-venv/lib/python3.10/site-packages/django/contrib/auth/base_user.py", line 78, in save
    super().save(*args, **kwargs)
  File "/mnt/c/Users/ryanb/Desktop/new_code/bookrank/.linux-venv/lib/python3.10/site-packages/django/db/models/base.py", line 822, in save
    self.save_base(
  File "/mnt/c/Users/ryanb/Desktop/new_code/bookrank/.linux-venv/lib/python3.10/site-packages/django/db/models/base.py", line 909, in save_base
    updated = self._save_table(
  File "/mnt/c/Users/ryanb/Desktop/new_code/bookrank/.linux-venv/lib/python3.10/site-packages/django/db/models/base.py", line 1071, in _save_table
    results = self._do_insert(
  File "/mnt/c/Users/ryanb/Desktop/new_code/bookrank/.linux-venv/lib/python3.10/site-packages/django/db/models/base.py", line 1112, in _do_insert
    return manager._insert(
  File "/mnt/c/Users/ryanb/Desktop/new_code/bookrank/.linux-venv/lib/python3.10/site-packages/django/db/models/manager.py", line 87, in manager_method
    return getattr(self.get_queryset(), name)(*args, **kwargs)
  File "/mnt/c/Users/ryanb/Desktop/new_code/bookrank/.linux-venv/lib/python3.10/site-packages/django/db/models/query.py", line 1847, in _insert
    return query.get_compiler(using=using).execute_sql(returning_fields)
  File "/mnt/c/Users/ryanb/Desktop/new_code/bookrank/.linux-venv/lib/python3.10/site-packages/django/db/models/sql/compiler.py", line 1823, in execute_sql
    cursor.execute(sql, params)
  File "/mnt/c/Users/ryanb/Desktop/new_code/bookrank/.linux-venv/lib/python3.10/site-packages/django/db/backends/utils.py", line 122, in execute
    return super().execute(sql, params)
  File "/mnt/c/Users/ryanb/Desktop/new_code/bookrank/.linux-venv/lib/python3.10/site-packages/django/db/backends/utils.py", line 79, in execute
    return self._execute_with_wrappers(
  File "/mnt/c/Users/ryanb/Desktop/new_code/bookrank/.linux-venv/lib/python3.10/site-packages/django/db/backends/utils.py", line 92, in _execute_with_wrappers
    return executor(sql, params, many, context)
  File "/mnt/c/Users/ryanb/Desktop/new_code/bookrank/.linux-venv/lib/python3.10/site-packages/django/db/backends/utils.py", line 100, in _execute
    with self.db.wrap_database_errors:
  File "/mnt/c/Users/ryanb/Desktop/new_code/bookrank/.linux-venv/lib/python3.10/site-packages/django/db/utils.py", line 91, in __exit__
    raise dj_exc_value.with_traceback(traceback) from exc_value
  File "/mnt/c/Users/ryanb/Desktop/new_code/bookrank/.linux-venv/lib/python3.10/site-packages/django/db/backends/utils.py", line 105, in _execute
    return self.cursor.execute(sql, params)
  File "/mnt/c/Users/ryanb/Desktop/new_code/bookrank/.linux-venv/lib/python3.10/site-packages/django/db/backends/sqlite3/base.py", line 329, in execute
    return super().execute(query, params)
django.db.utils.IntegrityError: UNIQUE constraint failed: djangoapp_useraccount.username
ERROR 2024-07-13 17:27:43,509 log Internal Server Error: /api/login/
Traceback (most recent call last):
  File "/mnt/c/Users/ryanb/Desktop/new_code/bookrank/.linux-venv/lib/python3.10/site-packages/django/core/handlers/exception.py", line 55, in inner
    response = get_response(request)
  File "/mnt/c/Users/ryanb/Desktop/new_code/bookrank/.linux-venv/lib/python3.10/site-packages/django/core/handlers/base.py", line 197, in _get_response
    response = wrapped_callback(request, *callback_args, **callback_kwargs)
  File "/mnt/c/Users/ryanb/Desktop/new_code/bookrank/.linux-venv/lib/python3.10/site-packages/django/views/decorators/csrf.py", line 65, in _view_wrapper
    return view_func(request, *args, **kwargs)
  File "/mnt/c/Users/ryanb/Desktop/new_code/bookrank/.linux-venv/lib/python3.10/site-packages/django/views/generic/base.py", line 104, in view
    return self.dispatch(request, *args, **kwargs)
  File "/mnt/c/Users/ryanb/Desktop/new_code/bookrank/.linux-venv/lib/python3.10/site-packages/rest_framework/views.py", line 509, in dispatch
    response = self.handle_exception(exc)
  File "/mnt/c/Users/ryanb/Desktop/new_code/bookrank/.linux-venv/lib/python3.10/site-packages/rest_framework/views.py", line 469, in handle_exception
    self.raise_uncaught_exception(exc)
  File "/mnt/c/Users/ryanb/Desktop/new_code/bookrank/.linux-venv/lib/python3.10/site-packages/rest_framework/views.py", line 480, in raise_uncaught_exception
    raise exc
  File "/mnt/c/Users/ryanb/Desktop/new_code/bookrank/.linux-venv/lib/python3.10/site-packages/rest_framework/views.py", line 506, in dispatch
    response = handler(request, *args, **kwargs)
  File "/mnt/c/Users/ryanb/Desktop/new_code/bookrank/app/djangoapp/djangoapp/views.py", line 176, in post
    logger.debug(user.user_id)
AttributeError: 'UserAccount' object has no attribute 'user_id'
ERROR 2024-07-13 17:45:26,526 log Internal Server Error: /api/search/
Traceback (most recent call last):
  File "/mnt/c/Users/ryanb/Desktop/new_code/bookrank/.linux-venv/lib/python3.10/site-packages/django/core/handlers/exception.py", line 55, in inner
    response = get_response(request)
  File "/mnt/c/Users/ryanb/Desktop/new_code/bookrank/.linux-venv/lib/python3.10/site-packages/django/core/handlers/base.py", line 197, in _get_response
    response = wrapped_callback(request, *callback_args, **callback_kwargs)
  File "/mnt/c/Users/ryanb/Desktop/new_code/bookrank/.linux-venv/lib/python3.10/site-packages/django/views/decorators/csrf.py", line 65, in _view_wrapper
    return view_func(request, *args, **kwargs)
  File "/mnt/c/Users/ryanb/Desktop/new_code/bookrank/.linux-venv/lib/python3.10/site-packages/django/views/generic/base.py", line 104, in view
    return self.dispatch(request, *args, **kwargs)
  File "/mnt/c/Users/ryanb/Desktop/new_code/bookrank/.linux-venv/lib/python3.10/site-packages/rest_framework/views.py", line 509, in dispatch
    response = self.handle_exception(exc)
  File "/mnt/c/Users/ryanb/Desktop/new_code/bookrank/.linux-venv/lib/python3.10/site-packages/rest_framework/views.py", line 469, in handle_exception
    self.raise_uncaught_exception(exc)
  File "/mnt/c/Users/ryanb/Desktop/new_code/bookrank/.linux-venv/lib/python3.10/site-packages/rest_framework/views.py", line 480, in raise_uncaught_exception
    raise exc
  File "/mnt/c/Users/ryanb/Desktop/new_code/bookrank/.linux-venv/lib/python3.10/site-packages/rest_framework/views.py", line 506, in dispatch
    response = handler(request, *args, **kwargs)
  File "/mnt/c/Users/ryanb/Desktop/new_code/bookrank/app/djangoapp/djangoapp/views.py", line 193, in get
    searchbooklist = search(query)
  File "/mnt/c/Users/ryanb/Desktop/new_code/bookrank/app/djangoapp/djangoapp/views.py", line 138, in search
    raise e
  File "/mnt/c/Users/ryanb/Desktop/new_code/bookrank/app/djangoapp/djangoapp/views.py", line 135, in search
    return df[['work_id', 'title', 'author']].to_dict(orient='records')
  File "/mnt/c/Users/ryanb/Desktop/new_code/bookrank/.linux-venv/lib/python3.10/site-packages/pandas/core/frame.py", line 4108, in __getitem__
    indexer = self.columns._get_indexer_strict(key, "columns")[1]
  File "/mnt/c/Users/ryanb/Desktop/new_code/bookrank/.linux-venv/lib/python3.10/site-packages/pandas/core/indexes/base.py", line 6200, in _get_indexer_strict
    self._raise_if_missing(keyarr, indexer, axis_name)
  File "/mnt/c/Users/ryanb/Desktop/new_code/bookrank/.linux-venv/lib/python3.10/site-packages/pandas/core/indexes/base.py", line 6249, in _raise_if_missing
    raise KeyError(f"None of [{key}] are in the [{axis_name}]")
KeyError: "None of [Index(['work_id', 'title', 'author'], dtype='object')] are in the [columns]"
ERROR 2024-07-13 22:28:47,471 log Internal Server Error: /api/login/
Traceback (most recent call last):
  File "/mnt/c/Users/ryanb/Desktop/new_code/bookrank/.linux-venv/lib/python3.10/site-packages/django/core/handlers/exception.py", line 55, in inner
    response = get_response(request)
  File "/mnt/c/Users/ryanb/Desktop/new_code/bookrank/.linux-venv/lib/python3.10/site-packages/django/core/handlers/base.py", line 197, in _get_response
    response = wrapped_callback(request, *callback_args, **callback_kwargs)
  File "/mnt/c/Users/ryanb/Desktop/new_code/bookrank/.linux-venv/lib/python3.10/site-packages/django/views/decorators/csrf.py", line 65, in _view_wrapper
    return view_func(request, *args, **kwargs)
  File "/mnt/c/Users/ryanb/Desktop/new_code/bookrank/.linux-venv/lib/python3.10/site-packages/django/views/generic/base.py", line 104, in view
    return self.dispatch(request, *args, **kwargs)
  File "/mnt/c/Users/ryanb/Desktop/new_code/bookrank/.linux-venv/lib/python3.10/site-packages/rest_framework/views.py", line 509, in dispatch
    response = self.handle_exception(exc)
  File "/mnt/c/Users/ryanb/Desktop/new_code/bookrank/.linux-venv/lib/python3.10/site-packages/rest_framework/views.py", line 469, in handle_exception
    self.raise_uncaught_exception(exc)
  File "/mnt/c/Users/ryanb/Desktop/new_code/bookrank/.linux-venv/lib/python3.10/site-packages/rest_framework/views.py", line 480, in raise_uncaught_exception
    raise exc
  File "/mnt/c/Users/ryanb/Desktop/new_code/bookrank/.linux-venv/lib/python3.10/site-packages/rest_framework/views.py", line 506, in dispatch
    response = handler(request, *args, **kwargs)
  File "/mnt/c/Users/ryanb/Desktop/new_code/bookrank/app/djangoapp/djangoapp/views.py", line 166, in post
    console.log(user)
NameError: name 'console' is not defined
ERROR 2024-07-13 22:28:51,972 log Internal Server Error: /api/login/
Traceback (most recent call last):
  File "/mnt/c/Users/ryanb/Desktop/new_code/bookrank/.linux-venv/lib/python3.10/site-packages/django/core/handlers/exception.py", line 55, in inner
    response = get_response(request)
  File "/mnt/c/Users/ryanb/Desktop/new_code/bookrank/.linux-venv/lib/python3.10/site-packages/django/core/handlers/base.py", line 197, in _get_response
    response = wrapped_callback(request, *callback_args, **callback_kwargs)
  File "/mnt/c/Users/ryanb/Desktop/new_code/bookrank/.linux-venv/lib/python3.10/site-packages/django/views/decorators/csrf.py", line 65, in _view_wrapper
    return view_func(request, *args, **kwargs)
  File "/mnt/c/Users/ryanb/Desktop/new_code/bookrank/.linux-venv/lib/python3.10/site-packages/django/views/generic/base.py", line 104, in view
    return self.dispatch(request, *args, **kwargs)
  File "/mnt/c/Users/ryanb/Desktop/new_code/bookrank/.linux-venv/lib/python3.10/site-packages/rest_framework/views.py", line 509, in dispatch
    response = self.handle_exception(exc)
  File "/mnt/c/Users/ryanb/Desktop/new_code/bookrank/.linux-venv/lib/python3.10/site-packages/rest_framework/views.py", line 469, in handle_exception
    self.raise_uncaught_exception(exc)
  File "/mnt/c/Users/ryanb/Desktop/new_code/bookrank/.linux-venv/lib/python3.10/site-packages/rest_framework/views.py", line 480, in raise_uncaught_exception
    raise exc
  File "/mnt/c/Users/ryanb/Desktop/new_code/bookrank/.linux-venv/lib/python3.10/site-packages/rest_framework/views.py", line 506, in dispatch
    response = handler(request, *args, **kwargs)
  File "/mnt/c/Users/ryanb/Desktop/new_code/bookrank/app/djangoapp/djangoapp/views.py", line 166, in post
    console.log(user)
NameError: name 'console' is not defined
ERROR 2024-07-13 22:29:05,567 log Internal Server Error: /api/login/
Traceback (most recent call last):
  File "/mnt/c/Users/ryanb/Desktop/new_code/bookrank/.linux-venv/lib/python3.10/site-packages/django/core/handlers/exception.py", line 55, in inner
    response = get_response(request)
  File "/mnt/c/Users/ryanb/Desktop/new_code/bookrank/.linux-venv/lib/python3.10/site-packages/django/core/handlers/base.py", line 197, in _get_response
    response = wrapped_callback(request, *callback_args, **callback_kwargs)
  File "/mnt/c/Users/ryanb/Desktop/new_code/bookrank/.linux-venv/lib/python3.10/site-packages/django/views/decorators/csrf.py", line 65, in _view_wrapper
    return view_func(request, *args, **kwargs)
  File "/mnt/c/Users/ryanb/Desktop/new_code/bookrank/.linux-venv/lib/python3.10/site-packages/django/views/generic/base.py", line 104, in view
    return self.dispatch(request, *args, **kwargs)
  File "/mnt/c/Users/ryanb/Desktop/new_code/bookrank/.linux-venv/lib/python3.10/site-packages/rest_framework/views.py", line 509, in dispatch
    response = self.handle_exception(exc)
  File "/mnt/c/Users/ryanb/Desktop/new_code/bookrank/.linux-venv/lib/python3.10/site-packages/rest_framework/views.py", line 469, in handle_exception
    self.raise_uncaught_exception(exc)
  File "/mnt/c/Users/ryanb/Desktop/new_code/bookrank/.linux-venv/lib/python3.10/site-packages/rest_framework/views.py", line 480, in raise_uncaught_exception
    raise exc
  File "/mnt/c/Users/ryanb/Desktop/new_code/bookrank/.linux-venv/lib/python3.10/site-packages/rest_framework/views.py", line 506, in dispatch
    response = handler(request, *args, **kwargs)
  File "/mnt/c/Users/ryanb/Desktop/new_code/bookrank/app/djangoapp/djangoapp/views.py", line 166, in post
    console.log(user)
NameError: name 'console' is not defined
ERROR 2024-07-13 22:29:10,558 log Internal Server Error: /api/login/
Traceback (most recent call last):
  File "/mnt/c/Users/ryanb/Desktop/new_code/bookrank/.linux-venv/lib/python3.10/site-packages/django/core/handlers/exception.py", line 55, in inner
    response = get_response(request)
  File "/mnt/c/Users/ryanb/Desktop/new_code/bookrank/.linux-venv/lib/python3.10/site-packages/django/core/handlers/base.py", line 197, in _get_response
    response = wrapped_callback(request, *callback_args, **callback_kwargs)
  File "/mnt/c/Users/ryanb/Desktop/new_code/bookrank/.linux-venv/lib/python3.10/site-packages/django/views/decorators/csrf.py", line 65, in _view_wrapper
    return view_func(request, *args, **kwargs)
  File "/mnt/c/Users/ryanb/Desktop/new_code/bookrank/.linux-venv/lib/python3.10/site-packages/django/views/generic/base.py", line 104, in view
    return self.dispatch(request, *args, **kwargs)
  File "/mnt/c/Users/ryanb/Desktop/new_code/bookrank/.linux-venv/lib/python3.10/site-packages/rest_framework/views.py", line 509, in dispatch
    response = self.handle_exception(exc)
  File "/mnt/c/Users/ryanb/Desktop/new_code/bookrank/.linux-venv/lib/python3.10/site-packages/rest_framework/views.py", line 469, in handle_exception
    self.raise_uncaught_exception(exc)
  File "/mnt/c/Users/ryanb/Desktop/new_code/bookrank/.linux-venv/lib/python3.10/site-packages/rest_framework/views.py", line 480, in raise_uncaught_exception
    raise exc
  File "/mnt/c/Users/ryanb/Desktop/new_code/bookrank/.linux-venv/lib/python3.10/site-packages/rest_framework/views.py", line 506, in dispatch
    response = handler(request, *args, **kwargs)
  File "/mnt/c/Users/ryanb/Desktop/new_code/bookrank/app/djangoapp/djangoapp/views.py", line 166, in post
    console.log(user)
NameError: name 'console' is not defined
ERROR 2024-07-13 22:29:15,507 log Internal Server Error: /api/login/
Traceback (most recent call last):
  File "/mnt/c/Users/ryanb/Desktop/new_code/bookrank/.linux-venv/lib/python3.10/site-packages/django/core/handlers/exception.py", line 55, in inner
    response = get_response(request)
  File "/mnt/c/Users/ryanb/Desktop/new_code/bookrank/.linux-venv/lib/python3.10/site-packages/django/core/handlers/base.py", line 197, in _get_response
    response = wrapped_callback(request, *callback_args, **callback_kwargs)
  File "/mnt/c/Users/ryanb/Desktop/new_code/bookrank/.linux-venv/lib/python3.10/site-packages/django/views/decorators/csrf.py", line 65, in _view_wrapper
    return view_func(request, *args, **kwargs)
  File "/mnt/c/Users/ryanb/Desktop/new_code/bookrank/.linux-venv/lib/python3.10/site-packages/django/views/generic/base.py", line 104, in view
    return self.dispatch(request, *args, **kwargs)
  File "/mnt/c/Users/ryanb/Desktop/new_code/bookrank/.linux-venv/lib/python3.10/site-packages/rest_framework/views.py", line 509, in dispatch
    response = self.handle_exception(exc)
  File "/mnt/c/Users/ryanb/Desktop/new_code/bookrank/.linux-venv/lib/python3.10/site-packages/rest_framework/views.py", line 469, in handle_exception
    self.raise_uncaught_exception(exc)
  File "/mnt/c/Users/ryanb/Desktop/new_code/bookrank/.linux-venv/lib/python3.10/site-packages/rest_framework/views.py", line 480, in raise_uncaught_exception
    raise exc
  File "/mnt/c/Users/ryanb/Desktop/new_code/bookrank/.linux-venv/lib/python3.10/site-packages/rest_framework/views.py", line 506, in dispatch
    response = handler(request, *args, **kwargs)
  File "/mnt/c/Users/ryanb/Desktop/new_code/bookrank/app/djangoapp/djangoapp/views.py", line 166, in post
    console.log(user)
NameError: name 'console' is not defined
ERROR 2024-07-13 22:31:02,227 log Internal Server Error: /api/login/
Traceback (most recent call last):
  File "/mnt/c/Users/ryanb/Desktop/new_code/bookrank/.linux-venv/lib/python3.10/site-packages/django/core/handlers/exception.py", line 55, in inner
    response = get_response(request)
  File "/mnt/c/Users/ryanb/Desktop/new_code/bookrank/.linux-venv/lib/python3.10/site-packages/django/core/handlers/base.py", line 197, in _get_response
    response = wrapped_callback(request, *callback_args, **callback_kwargs)
  File "/mnt/c/Users/ryanb/Desktop/new_code/bookrank/.linux-venv/lib/python3.10/site-packages/django/views/decorators/csrf.py", line 65, in _view_wrapper
    return view_func(request, *args, **kwargs)
  File "/mnt/c/Users/ryanb/Desktop/new_code/bookrank/.linux-venv/lib/python3.10/site-packages/django/views/generic/base.py", line 104, in view
    return self.dispatch(request, *args, **kwargs)
  File "/mnt/c/Users/ryanb/Desktop/new_code/bookrank/.linux-venv/lib/python3.10/site-packages/rest_framework/views.py", line 509, in dispatch
    response = self.handle_exception(exc)
  File "/mnt/c/Users/ryanb/Desktop/new_code/bookrank/.linux-venv/lib/python3.10/site-packages/rest_framework/views.py", line 469, in handle_exception
    self.raise_uncaught_exception(exc)
  File "/mnt/c/Users/ryanb/Desktop/new_code/bookrank/.linux-venv/lib/python3.10/site-packages/rest_framework/views.py", line 480, in raise_uncaught_exception
    raise exc
  File "/mnt/c/Users/ryanb/Desktop/new_code/bookrank/.linux-venv/lib/python3.10/site-packages/rest_framework/views.py", line 506, in dispatch
    response = handler(request, *args, **kwargs)
  File "/mnt/c/Users/ryanb/Desktop/new_code/bookrank/app/djangoapp/djangoapp/views.py", line 166, in post
    console.log(user)
NameError: name 'console' is not defined
ERROR 2024-07-13 22:31:09,340 log Internal Server Error: /api/login/
Traceback (most recent call last):
  File "/mnt/c/Users/ryanb/Desktop/new_code/bookrank/.linux-venv/lib/python3.10/site-packages/django/core/handlers/exception.py", line 55, in inner
    response = get_response(request)
  File "/mnt/c/Users/ryanb/Desktop/new_code/bookrank/.linux-venv/lib/python3.10/site-packages/django/core/handlers/base.py", line 197, in _get_response
    response = wrapped_callback(request, *callback_args, **callback_kwargs)
  File "/mnt/c/Users/ryanb/Desktop/new_code/bookrank/.linux-venv/lib/python3.10/site-packages/django/views/decorators/csrf.py", line 65, in _view_wrapper
    return view_func(request, *args, **kwargs)
  File "/mnt/c/Users/ryanb/Desktop/new_code/bookrank/.linux-venv/lib/python3.10/site-packages/django/views/generic/base.py", line 104, in view
    return self.dispatch(request, *args, **kwargs)
  File "/mnt/c/Users/ryanb/Desktop/new_code/bookrank/.linux-venv/lib/python3.10/site-packages/rest_framework/views.py", line 509, in dispatch
    response = self.handle_exception(exc)
  File "/mnt/c/Users/ryanb/Desktop/new_code/bookrank/.linux-venv/lib/python3.10/site-packages/rest_framework/views.py", line 469, in handle_exception
    self.raise_uncaught_exception(exc)
  File "/mnt/c/Users/ryanb/Desktop/new_code/bookrank/.linux-venv/lib/python3.10/site-packages/rest_framework/views.py", line 480, in raise_uncaught_exception
    raise exc
  File "/mnt/c/Users/ryanb/Desktop/new_code/bookrank/.linux-venv/lib/python3.10/site-packages/rest_framework/views.py", line 506, in dispatch
    response = handler(request, *args, **kwargs)
  File "/mnt/c/Users/ryanb/Desktop/new_code/bookrank/app/djangoapp/djangoapp/views.py", line 166, in post
    console.log(user)
NameError: name 'console' is not defined
ERROR 2024-07-13 23:52:49,482 log Internal Server Error: /api/logout/
Traceback (most recent call last):
  File "/mnt/c/Users/ryanb/Desktop/new_code/bookrank/.linux-venv/lib/python3.10/site-packages/django/core/handlers/exception.py", line 55, in inner
    response = get_response(request)
  File "/mnt/c/Users/ryanb/Desktop/new_code/bookrank/.linux-venv/lib/python3.10/site-packages/django/core/handlers/base.py", line 197, in _get_response
    response = wrapped_callback(request, *callback_args, **callback_kwargs)
  File "/mnt/c/Users/ryanb/Desktop/new_code/bookrank/.linux-venv/lib/python3.10/site-packages/django/views/decorators/csrf.py", line 65, in _view_wrapper
    return view_func(request, *args, **kwargs)
  File "/mnt/c/Users/ryanb/Desktop/new_code/bookrank/.linux-venv/lib/python3.10/site-packages/django/views/generic/base.py", line 104, in view
    return self.dispatch(request, *args, **kwargs)
  File "/mnt/c/Users/ryanb/Desktop/new_code/bookrank/.linux-venv/lib/python3.10/site-packages/rest_framework/views.py", line 509, in dispatch
    response = self.handle_exception(exc)
  File "/mnt/c/Users/ryanb/Desktop/new_code/bookrank/.linux-venv/lib/python3.10/site-packages/rest_framework/views.py", line 469, in handle_exception
    self.raise_uncaught_exception(exc)
  File "/mnt/c/Users/ryanb/Desktop/new_code/bookrank/.linux-venv/lib/python3.10/site-packages/rest_framework/views.py", line 480, in raise_uncaught_exception
    raise exc
  File "/mnt/c/Users/ryanb/Desktop/new_code/bookrank/.linux-venv/lib/python3.10/site-packages/rest_framework/views.py", line 506, in dispatch
    response = handler(request, *args, **kwargs)
  File "/mnt/c/Users/ryanb/Desktop/new_code/bookrank/app/djangoapp/djangoapp/views.py", line 181, in post
    logout(request, user)
NameError: name 'user' is not defined
ERROR 2024-07-13 23:55:04,976 log Internal Server Error: /api/logout/
Traceback (most recent call last):
  File "/mnt/c/Users/ryanb/Desktop/new_code/bookrank/.linux-venv/lib/python3.10/site-packages/django/core/handlers/exception.py", line 55, in inner
    response = get_response(request)
  File "/mnt/c/Users/ryanb/Desktop/new_code/bookrank/.linux-venv/lib/python3.10/site-packages/django/core/handlers/base.py", line 197, in _get_response
    response = wrapped_callback(request, *callback_args, **callback_kwargs)
  File "/mnt/c/Users/ryanb/Desktop/new_code/bookrank/.linux-venv/lib/python3.10/site-packages/django/views/decorators/csrf.py", line 65, in _view_wrapper
    return view_func(request, *args, **kwargs)
  File "/mnt/c/Users/ryanb/Desktop/new_code/bookrank/.linux-venv/lib/python3.10/site-packages/django/views/generic/base.py", line 104, in view
    return self.dispatch(request, *args, **kwargs)
  File "/mnt/c/Users/ryanb/Desktop/new_code/bookrank/.linux-venv/lib/python3.10/site-packages/rest_framework/views.py", line 509, in dispatch
    response = self.handle_exception(exc)
  File "/mnt/c/Users/ryanb/Desktop/new_code/bookrank/.linux-venv/lib/python3.10/site-packages/rest_framework/views.py", line 469, in handle_exception
    self.raise_uncaught_exception(exc)
  File "/mnt/c/Users/ryanb/Desktop/new_code/bookrank/.linux-venv/lib/python3.10/site-packages/rest_framework/views.py", line 480, in raise_uncaught_exception
    raise exc
  File "/mnt/c/Users/ryanb/Desktop/new_code/bookrank/.linux-venv/lib/python3.10/site-packages/rest_framework/views.py", line 506, in dispatch
    response = handler(request, *args, **kwargs)
  File "/mnt/c/Users/ryanb/Desktop/new_code/bookrank/app/djangoapp/djangoapp/views.py", line 181, in post
    logout(request, request.user)
TypeError: logout() takes 1 positional argument but 2 were given
ERROR 2024-07-14 00:01:52,588 log Internal Server Error: /api/logout/
Traceback (most recent call last):
  File "/mnt/c/Users/ryanb/Desktop/new_code/bookrank/.linux-venv/lib/python3.10/site-packages/django/core/handlers/exception.py", line 55, in inner
    response = get_response(request)
  File "/mnt/c/Users/ryanb/Desktop/new_code/bookrank/.linux-venv/lib/python3.10/site-packages/django/core/handlers/base.py", line 197, in _get_response
    response = wrapped_callback(request, *callback_args, **callback_kwargs)
  File "/mnt/c/Users/ryanb/Desktop/new_code/bookrank/.linux-venv/lib/python3.10/site-packages/django/views/decorators/csrf.py", line 65, in _view_wrapper
    return view_func(request, *args, **kwargs)
  File "/mnt/c/Users/ryanb/Desktop/new_code/bookrank/.linux-venv/lib/python3.10/site-packages/django/views/generic/base.py", line 104, in view
    return self.dispatch(request, *args, **kwargs)
  File "/mnt/c/Users/ryanb/Desktop/new_code/bookrank/.linux-venv/lib/python3.10/site-packages/rest_framework/views.py", line 511, in dispatch
    self.response = self.finalize_response(request, response, *args, **kwargs)
  File "/mnt/c/Users/ryanb/Desktop/new_code/bookrank/.linux-venv/lib/python3.10/site-packages/rest_framework/views.py", line 423, in finalize_response
    assert isinstance(response, HttpResponseBase), (
AssertionError: Expected a `Response`, `HttpResponse` or `StreamingHttpResponse` to be returned from the view, but received a `<class 'NoneType'>`
ERROR 2024-07-14 00:31:25,796 log Internal Server Error: /api/logout/
Traceback (most recent call last):
  File "/mnt/c/Users/ryanb/Desktop/new_code/bookrank/.linux-venv/lib/python3.10/site-packages/django/core/handlers/exception.py", line 55, in inner
    response = get_response(request)
  File "/mnt/c/Users/ryanb/Desktop/new_code/bookrank/.linux-venv/lib/python3.10/site-packages/django/core/handlers/base.py", line 197, in _get_response
    response = wrapped_callback(request, *callback_args, **callback_kwargs)
  File "/mnt/c/Users/ryanb/Desktop/new_code/bookrank/.linux-venv/lib/python3.10/site-packages/django/views/decorators/csrf.py", line 65, in _view_wrapper
    return view_func(request, *args, **kwargs)
  File "/mnt/c/Users/ryanb/Desktop/new_code/bookrank/.linux-venv/lib/python3.10/site-packages/django/views/generic/base.py", line 104, in view
    return self.dispatch(request, *args, **kwargs)
  File "/mnt/c/Users/ryanb/Desktop/new_code/bookrank/.linux-venv/lib/python3.10/site-packages/rest_framework/views.py", line 509, in dispatch
    response = self.handle_exception(exc)
  File "/mnt/c/Users/ryanb/Desktop/new_code/bookrank/.linux-venv/lib/python3.10/site-packages/rest_framework/views.py", line 469, in handle_exception
    self.raise_uncaught_exception(exc)
  File "/mnt/c/Users/ryanb/Desktop/new_code/bookrank/.linux-venv/lib/python3.10/site-packages/rest_framework/views.py", line 480, in raise_uncaught_exception
    raise exc
  File "/mnt/c/Users/ryanb/Desktop/new_code/bookrank/.linux-venv/lib/python3.10/site-packages/rest_framework/views.py", line 506, in dispatch
    response = handler(request, *args, **kwargs)
  File "/mnt/c/Users/ryanb/Desktop/new_code/bookrank/app/djangoapp/djangoapp/views.py", line 183, in post
    request.user = AnonymousUser
NameError: name 'AnonymousUser' is not defined
ERROR 2024-07-14 00:31:29,029 log Internal Server Error: /api/logout/
Traceback (most recent call last):
  File "/mnt/c/Users/ryanb/Desktop/new_code/bookrank/.linux-venv/lib/python3.10/site-packages/django/core/handlers/exception.py", line 55, in inner
    response = get_response(request)
  File "/mnt/c/Users/ryanb/Desktop/new_code/bookrank/.linux-venv/lib/python3.10/site-packages/django/core/handlers/base.py", line 197, in _get_response
    response = wrapped_callback(request, *callback_args, **callback_kwargs)
  File "/mnt/c/Users/ryanb/Desktop/new_code/bookrank/.linux-venv/lib/python3.10/site-packages/django/views/decorators/csrf.py", line 65, in _view_wrapper
    return view_func(request, *args, **kwargs)
  File "/mnt/c/Users/ryanb/Desktop/new_code/bookrank/.linux-venv/lib/python3.10/site-packages/django/views/generic/base.py", line 104, in view
    return self.dispatch(request, *args, **kwargs)
  File "/mnt/c/Users/ryanb/Desktop/new_code/bookrank/.linux-venv/lib/python3.10/site-packages/rest_framework/views.py", line 509, in dispatch
    response = self.handle_exception(exc)
  File "/mnt/c/Users/ryanb/Desktop/new_code/bookrank/.linux-venv/lib/python3.10/site-packages/rest_framework/views.py", line 469, in handle_exception
    self.raise_uncaught_exception(exc)
  File "/mnt/c/Users/ryanb/Desktop/new_code/bookrank/.linux-venv/lib/python3.10/site-packages/rest_framework/views.py", line 480, in raise_uncaught_exception
    raise exc
  File "/mnt/c/Users/ryanb/Desktop/new_code/bookrank/.linux-venv/lib/python3.10/site-packages/rest_framework/views.py", line 506, in dispatch
    response = handler(request, *args, **kwargs)
  File "/mnt/c/Users/ryanb/Desktop/new_code/bookrank/app/djangoapp/djangoapp/views.py", line 183, in post
    request.user = AnonymousUser
NameError: name 'AnonymousUser' is not defined
ERROR 2024-08-03 17:07:19,039 log Internal Server Error: /api/to-be-read/
Traceback (most recent call last):
  File "/mnt/c/Users/ryanb/Desktop/new_code/bookrank/.linux-venv/lib/python3.10/site-packages/django/core/handlers/exception.py", line 55, in inner
    response = get_response(request)
  File "/mnt/c/Users/ryanb/Desktop/new_code/bookrank/.linux-venv/lib/python3.10/site-packages/django/core/handlers/base.py", line 197, in _get_response
    response = wrapped_callback(request, *callback_args, **callback_kwargs)
  File "/mnt/c/Users/ryanb/Desktop/new_code/bookrank/.linux-venv/lib/python3.10/site-packages/django/views/decorators/csrf.py", line 65, in _view_wrapper
    return view_func(request, *args, **kwargs)
  File "/mnt/c/Users/ryanb/Desktop/new_code/bookrank/.linux-venv/lib/python3.10/site-packages/django/views/generic/base.py", line 104, in view
    return self.dispatch(request, *args, **kwargs)
  File "/mnt/c/Users/ryanb/Desktop/new_code/bookrank/.linux-venv/lib/python3.10/site-packages/rest_framework/views.py", line 509, in dispatch
    response = self.handle_exception(exc)
  File "/mnt/c/Users/ryanb/Desktop/new_code/bookrank/.linux-venv/lib/python3.10/site-packages/rest_framework/views.py", line 469, in handle_exception
    self.raise_uncaught_exception(exc)
  File "/mnt/c/Users/ryanb/Desktop/new_code/bookrank/.linux-venv/lib/python3.10/site-packages/rest_framework/views.py", line 480, in raise_uncaught_exception
    raise exc
  File "/mnt/c/Users/ryanb/Desktop/new_code/bookrank/.linux-venv/lib/python3.10/site-packages/rest_framework/views.py", line 506, in dispatch
    response = handler(request, *args, **kwargs)
  File "/home/ryanbrown/projects/bookrank/app/djangoapp/djangoapp/views.py", line 486, in get
    return Response(serializer.data)
  File "/mnt/c/Users/ryanb/Desktop/new_code/bookrank/.linux-venv/lib/python3.10/site-packages/rest_framework/serializers.py", line 795, in data
    ret = super().data
  File "/mnt/c/Users/ryanb/Desktop/new_code/bookrank/.linux-venv/lib/python3.10/site-packages/rest_framework/serializers.py", line 249, in data
    self._data = self.to_representation(self.instance)
  File "/mnt/c/Users/ryanb/Desktop/new_code/bookrank/.linux-venv/lib/python3.10/site-packages/rest_framework/serializers.py", line 713, in to_representation
    return [
  File "/mnt/c/Users/ryanb/Desktop/new_code/bookrank/.linux-venv/lib/python3.10/site-packages/rest_framework/serializers.py", line 714, in <listcomp>
    self.child.to_representation(item) for item in iterable
  File "/mnt/c/Users/ryanb/Desktop/new_code/bookrank/.linux-venv/lib/python3.10/site-packages/rest_framework/serializers.py", line 523, in to_representation
    for field in fields:
  File "/mnt/c/Users/ryanb/Desktop/new_code/bookrank/.linux-venv/lib/python3.10/site-packages/rest_framework/serializers.py", line 384, in _readable_fields
    for field in self.fields.values():
  File "/mnt/c/Users/ryanb/Desktop/new_code/bookrank/.linux-venv/lib/python3.10/site-packages/django/utils/functional.py", line 47, in __get__
    res = instance.__dict__[self.name] = self.func(instance)
  File "/mnt/c/Users/ryanb/Desktop/new_code/bookrank/.linux-venv/lib/python3.10/site-packages/rest_framework/serializers.py", line 372, in fields
    for key, value in self.get_fields().items():
  File "/mnt/c/Users/ryanb/Desktop/new_code/bookrank/.linux-venv/lib/python3.10/site-packages/rest_framework/serializers.py", line 1103, in get_fields
    field_class, field_kwargs = self.build_field(
  File "/mnt/c/Users/ryanb/Desktop/new_code/bookrank/.linux-venv/lib/python3.10/site-packages/rest_framework/serializers.py", line 1249, in build_field
    return self.build_unknown_field(field_name, model_class)
  File "/mnt/c/Users/ryanb/Desktop/new_code/bookrank/.linux-venv/lib/python3.10/site-packages/rest_framework/serializers.py", line 1367, in build_unknown_field
    raise ImproperlyConfigured(
django.core.exceptions.ImproperlyConfigured: Field name `image_url` is not valid for model `UserToBeRead` in `djangoapp.serializers.UserToBeReadSerializer`.
ERROR 2024-08-03 18:41:36,998 log Internal Server Error: /api/userbooks/
Traceback (most recent call last):
  File "/mnt/c/Users/ryanb/Desktop/new_code/bookrank/.linux-venv/lib/python3.10/site-packages/django/core/handlers/exception.py", line 55, in inner
    response = get_response(request)
  File "/mnt/c/Users/ryanb/Desktop/new_code/bookrank/.linux-venv/lib/python3.10/site-packages/django/core/handlers/base.py", line 197, in _get_response
    response = wrapped_callback(request, *callback_args, **callback_kwargs)
  File "/mnt/c/Users/ryanb/Desktop/new_code/bookrank/.linux-venv/lib/python3.10/site-packages/django/views/decorators/csrf.py", line 65, in _view_wrapper
    return view_func(request, *args, **kwargs)
  File "/mnt/c/Users/ryanb/Desktop/new_code/bookrank/.linux-venv/lib/python3.10/site-packages/django/views/generic/base.py", line 104, in view
    return self.dispatch(request, *args, **kwargs)
  File "/mnt/c/Users/ryanb/Desktop/new_code/bookrank/.linux-venv/lib/python3.10/site-packages/rest_framework/views.py", line 509, in dispatch
    response = self.handle_exception(exc)
  File "/mnt/c/Users/ryanb/Desktop/new_code/bookrank/.linux-venv/lib/python3.10/site-packages/rest_framework/views.py", line 469, in handle_exception
    self.raise_uncaught_exception(exc)
  File "/mnt/c/Users/ryanb/Desktop/new_code/bookrank/.linux-venv/lib/python3.10/site-packages/rest_framework/views.py", line 480, in raise_uncaught_exception
    raise exc
  File "/mnt/c/Users/ryanb/Desktop/new_code/bookrank/.linux-venv/lib/python3.10/site-packages/rest_framework/views.py", line 506, in dispatch
    response = handler(request, *args, **kwargs)
  File "/mnt/c/Users/ryanb/Desktop/new_code/bookrank/.linux-venv/lib/python3.10/site-packages/django/utils/decorators.py", line 181, in _view_wrapper
    result = _pre_process_request(request, *args, **kwargs)
  File "/mnt/c/Users/ryanb/Desktop/new_code/bookrank/.linux-venv/lib/python3.10/site-packages/django/utils/decorators.py", line 127, in _pre_process_request
    result = middleware.process_request(request)
  File "/mnt/c/Users/ryanb/Desktop/new_code/bookrank/.linux-venv/lib/python3.10/site-packages/django/middleware/csrf.py", line 403, in process_request
    csrf_secret = self._get_secret(request)
  File "/mnt/c/Users/ryanb/Desktop/new_code/bookrank/.linux-venv/lib/python3.10/site-packages/django/middleware/csrf.py", line 240, in _get_secret
    csrf_secret = request.COOKIES[settings.CSRF_COOKIE_NAME]
AttributeError: 'UserBooksView' object has no attribute 'COOKIES'
ERROR 2024-08-06 00:46:17,150 log Internal Server Error: /api/chat/
Traceback (most recent call last):
  File "/mnt/c/Users/ryanb/Desktop/new_code/bookrank/.linux-venv/lib/python3.10/site-packages/django/core/handlers/exception.py", line 55, in inner
    response = get_response(request)
  File "/mnt/c/Users/ryanb/Desktop/new_code/bookrank/.linux-venv/lib/python3.10/site-packages/django/core/handlers/base.py", line 197, in _get_response
    response = wrapped_callback(request, *callback_args, **callback_kwargs)
  File "/mnt/c/Users/ryanb/Desktop/new_code/bookrank/.linux-venv/lib/python3.10/site-packages/django/views/decorators/csrf.py", line 65, in _view_wrapper
    return view_func(request, *args, **kwargs)
  File "/mnt/c/Users/ryanb/Desktop/new_code/bookrank/.linux-venv/lib/python3.10/site-packages/django/views/generic/base.py", line 104, in view
    return self.dispatch(request, *args, **kwargs)
  File "/mnt/c/Users/ryanb/Desktop/new_code/bookrank/.linux-venv/lib/python3.10/site-packages/rest_framework/views.py", line 509, in dispatch
    response = self.handle_exception(exc)
  File "/mnt/c/Users/ryanb/Desktop/new_code/bookrank/.linux-venv/lib/python3.10/site-packages/rest_framework/views.py", line 469, in handle_exception
    self.raise_uncaught_exception(exc)
  File "/mnt/c/Users/ryanb/Desktop/new_code/bookrank/.linux-venv/lib/python3.10/site-packages/rest_framework/views.py", line 480, in raise_uncaught_exception
    raise exc
  File "/mnt/c/Users/ryanb/Desktop/new_code/bookrank/.linux-venv/lib/python3.10/site-packages/rest_framework/views.py", line 506, in dispatch
    response = handler(request, *args, **kwargs)
  File "/home/ryanbrown/projects/bookrank/app/djangoapp/djangoapp/views.py", line 558, in get
    vector = embedding_model.encode(last_message_content).tolist()
NameError: name 'embedding_model' is not defined
ERROR 2024-08-06 00:56:13,580 log Internal Server Error: /api/signup/
Traceback (most recent call last):
  File "/mnt/c/Users/ryanb/Desktop/new_code/bookrank/.linux-venv/lib/python3.10/site-packages/django/core/handlers/exception.py", line 55, in inner
    response = get_response(request)
  File "/mnt/c/Users/ryanb/Desktop/new_code/bookrank/.linux-venv/lib/python3.10/site-packages/django/core/handlers/base.py", line 197, in _get_response
    response = wrapped_callback(request, *callback_args, **callback_kwargs)
  File "/mnt/c/Users/ryanb/Desktop/new_code/bookrank/.linux-venv/lib/python3.10/site-packages/django/views/decorators/csrf.py", line 65, in _view_wrapper
    return view_func(request, *args, **kwargs)
  File "/mnt/c/Users/ryanb/Desktop/new_code/bookrank/.linux-venv/lib/python3.10/site-packages/django/views/generic/base.py", line 104, in view
    return self.dispatch(request, *args, **kwargs)
  File "/mnt/c/Users/ryanb/Desktop/new_code/bookrank/.linux-venv/lib/python3.10/site-packages/rest_framework/views.py", line 509, in dispatch
    response = self.handle_exception(exc)
  File "/mnt/c/Users/ryanb/Desktop/new_code/bookrank/.linux-venv/lib/python3.10/site-packages/rest_framework/views.py", line 469, in handle_exception
    self.raise_uncaught_exception(exc)
  File "/mnt/c/Users/ryanb/Desktop/new_code/bookrank/.linux-venv/lib/python3.10/site-packages/rest_framework/views.py", line 480, in raise_uncaught_exception
    raise exc
  File "/mnt/c/Users/ryanb/Desktop/new_code/bookrank/.linux-venv/lib/python3.10/site-packages/rest_framework/views.py", line 506, in dispatch
    response = handler(request, *args, **kwargs)
  File "/home/ryanbrown/projects/bookrank/app/djangoapp/djangoapp/views.py", line 188, in post
    if User.objects.filter(username=username).exists():
NameError: name 'User' is not defined
ERROR 2024-08-06 02:55:30,975 log Internal Server Error: /api/compare-book/
Traceback (most recent call last):
  File "/mnt/c/Users/ryanb/Desktop/new_code/bookrank/.linux-venv/lib/python3.10/site-packages/django/core/handlers/exception.py", line 55, in inner
    response = get_response(request)
  File "/mnt/c/Users/ryanb/Desktop/new_code/bookrank/.linux-venv/lib/python3.10/site-packages/django/core/handlers/base.py", line 197, in _get_response
    response = wrapped_callback(request, *callback_args, **callback_kwargs)
  File "/mnt/c/Users/ryanb/Desktop/new_code/bookrank/.linux-venv/lib/python3.10/site-packages/django/views/decorators/csrf.py", line 65, in _view_wrapper
    return view_func(request, *args, **kwargs)
  File "/mnt/c/Users/ryanb/Desktop/new_code/bookrank/.linux-venv/lib/python3.10/site-packages/django/views/generic/base.py", line 104, in view
    return self.dispatch(request, *args, **kwargs)
  File "/mnt/c/Users/ryanb/Desktop/new_code/bookrank/.linux-venv/lib/python3.10/site-packages/rest_framework/views.py", line 509, in dispatch
    response = self.handle_exception(exc)
  File "/mnt/c/Users/ryanb/Desktop/new_code/bookrank/.linux-venv/lib/python3.10/site-packages/rest_framework/views.py", line 469, in handle_exception
    self.raise_uncaught_exception(exc)
  File "/mnt/c/Users/ryanb/Desktop/new_code/bookrank/.linux-venv/lib/python3.10/site-packages/rest_framework/views.py", line 480, in raise_uncaught_exception
    raise exc
  File "/mnt/c/Users/ryanb/Desktop/new_code/bookrank/.linux-venv/lib/python3.10/site-packages/rest_framework/views.py", line 506, in dispatch
    response = handler(request, *args, **kwargs)
  File "/home/ryanbrown/projects/bookrank/app/djangoapp/djangoapp/views.py", line 372, in post
    request.session[work_id]['compared_books'].append(other_book_obj.work_id)
  File "/mnt/c/Users/ryanb/Desktop/new_code/bookrank/.linux-venv/lib/python3.10/site-packages/django/contrib/sessions/backends/base.py", line 53, in __getitem__
    return self._session[key]
KeyError: '48297245'
ERROR 2024-08-06 02:55:49,702 log Internal Server Error: /api/compare-book/
Traceback (most recent call last):
  File "/mnt/c/Users/ryanb/Desktop/new_code/bookrank/.linux-venv/lib/python3.10/site-packages/django/core/handlers/exception.py", line 55, in inner
    response = get_response(request)
  File "/mnt/c/Users/ryanb/Desktop/new_code/bookrank/.linux-venv/lib/python3.10/site-packages/django/core/handlers/base.py", line 197, in _get_response
    response = wrapped_callback(request, *callback_args, **callback_kwargs)
  File "/mnt/c/Users/ryanb/Desktop/new_code/bookrank/.linux-venv/lib/python3.10/site-packages/django/views/decorators/csrf.py", line 65, in _view_wrapper
    return view_func(request, *args, **kwargs)
  File "/mnt/c/Users/ryanb/Desktop/new_code/bookrank/.linux-venv/lib/python3.10/site-packages/django/views/generic/base.py", line 104, in view
    return self.dispatch(request, *args, **kwargs)
  File "/mnt/c/Users/ryanb/Desktop/new_code/bookrank/.linux-venv/lib/python3.10/site-packages/rest_framework/views.py", line 509, in dispatch
    response = self.handle_exception(exc)
  File "/mnt/c/Users/ryanb/Desktop/new_code/bookrank/.linux-venv/lib/python3.10/site-packages/rest_framework/views.py", line 469, in handle_exception
    self.raise_uncaught_exception(exc)
  File "/mnt/c/Users/ryanb/Desktop/new_code/bookrank/.linux-venv/lib/python3.10/site-packages/rest_framework/views.py", line 480, in raise_uncaught_exception
    raise exc
  File "/mnt/c/Users/ryanb/Desktop/new_code/bookrank/.linux-venv/lib/python3.10/site-packages/rest_framework/views.py", line 506, in dispatch
    response = handler(request, *args, **kwargs)
  File "/home/ryanbrown/projects/bookrank/app/djangoapp/djangoapp/views.py", line 372, in post
    request.session[work_id]['compared_books'].append(other_book_obj.work_id)
  File "/mnt/c/Users/ryanb/Desktop/new_code/bookrank/.linux-venv/lib/python3.10/site-packages/django/contrib/sessions/backends/base.py", line 53, in __getitem__
    return self._session[key]
KeyError: '48297245'
ERROR 2024-08-06 03:04:09,507 log Internal Server Error: /api/compare-book/
Traceback (most recent call last):
  File "/mnt/c/Users/ryanb/Desktop/new_code/bookrank/.linux-venv/lib/python3.10/site-packages/django/core/handlers/exception.py", line 55, in inner
    response = get_response(request)
  File "/mnt/c/Users/ryanb/Desktop/new_code/bookrank/.linux-venv/lib/python3.10/site-packages/django/core/handlers/base.py", line 197, in _get_response
    response = wrapped_callback(request, *callback_args, **callback_kwargs)
  File "/mnt/c/Users/ryanb/Desktop/new_code/bookrank/.linux-venv/lib/python3.10/site-packages/django/views/decorators/csrf.py", line 65, in _view_wrapper
    return view_func(request, *args, **kwargs)
  File "/mnt/c/Users/ryanb/Desktop/new_code/bookrank/.linux-venv/lib/python3.10/site-packages/django/views/generic/base.py", line 104, in view
    return self.dispatch(request, *args, **kwargs)
  File "/mnt/c/Users/ryanb/Desktop/new_code/bookrank/.linux-venv/lib/python3.10/site-packages/rest_framework/views.py", line 509, in dispatch
    response = self.handle_exception(exc)
  File "/mnt/c/Users/ryanb/Desktop/new_code/bookrank/.linux-venv/lib/python3.10/site-packages/rest_framework/views.py", line 469, in handle_exception
    self.raise_uncaught_exception(exc)
  File "/mnt/c/Users/ryanb/Desktop/new_code/bookrank/.linux-venv/lib/python3.10/site-packages/rest_framework/views.py", line 480, in raise_uncaught_exception
    raise exc
  File "/mnt/c/Users/ryanb/Desktop/new_code/bookrank/.linux-venv/lib/python3.10/site-packages/rest_framework/views.py", line 506, in dispatch
    response = handler(request, *args, **kwargs)
  File "/home/ryanbrown/projects/bookrank/app/djangoapp/djangoapp/views.py", line 372, in post
    request.session[work_id]['compared_books'].append(other_book_obj.work_id)
  File "/mnt/c/Users/ryanb/Desktop/new_code/bookrank/.linux-venv/lib/python3.10/site-packages/django/contrib/sessions/backends/base.py", line 53, in __getitem__
    return self._session[key]
KeyError: '48297245'
ERROR 2024-08-06 03:05:53,382 log Internal Server Error: /api/compare-book/
Traceback (most recent call last):
  File "/mnt/c/Users/ryanb/Desktop/new_code/bookrank/.linux-venv/lib/python3.10/site-packages/django/core/handlers/exception.py", line 55, in inner
    response = get_response(request)
  File "/mnt/c/Users/ryanb/Desktop/new_code/bookrank/.linux-venv/lib/python3.10/site-packages/django/core/handlers/base.py", line 197, in _get_response
    response = wrapped_callback(request, *callback_args, **callback_kwargs)
  File "/mnt/c/Users/ryanb/Desktop/new_code/bookrank/.linux-venv/lib/python3.10/site-packages/django/views/decorators/csrf.py", line 65, in _view_wrapper
    return view_func(request, *args, **kwargs)
  File "/mnt/c/Users/ryanb/Desktop/new_code/bookrank/.linux-venv/lib/python3.10/site-packages/django/views/generic/base.py", line 104, in view
    return self.dispatch(request, *args, **kwargs)
  File "/mnt/c/Users/ryanb/Desktop/new_code/bookrank/.linux-venv/lib/python3.10/site-packages/rest_framework/views.py", line 509, in dispatch
    response = self.handle_exception(exc)
  File "/mnt/c/Users/ryanb/Desktop/new_code/bookrank/.linux-venv/lib/python3.10/site-packages/rest_framework/views.py", line 469, in handle_exception
    self.raise_uncaught_exception(exc)
  File "/mnt/c/Users/ryanb/Desktop/new_code/bookrank/.linux-venv/lib/python3.10/site-packages/rest_framework/views.py", line 480, in raise_uncaught_exception
    raise exc
  File "/mnt/c/Users/ryanb/Desktop/new_code/bookrank/.linux-venv/lib/python3.10/site-packages/rest_framework/views.py", line 506, in dispatch
    response = handler(request, *args, **kwargs)
  File "/home/ryanbrown/projects/bookrank/app/djangoapp/djangoapp/views.py", line 373, in post
    request.session[work_id]['compared_books'].append(other_book_obj.work_id)
  File "/mnt/c/Users/ryanb/Desktop/new_code/bookrank/.linux-venv/lib/python3.10/site-packages/django/contrib/sessions/backends/base.py", line 53, in __getitem__
    return self._session[key]
KeyError: '48297245'
ERROR 2024-08-06 03:17:20,433 log Internal Server Error: /api/compare-book/
Traceback (most recent call last):
  File "/mnt/c/Users/ryanb/Desktop/new_code/bookrank/.linux-venv/lib/python3.10/site-packages/django/core/handlers/exception.py", line 55, in inner
    response = get_response(request)
  File "/mnt/c/Users/ryanb/Desktop/new_code/bookrank/.linux-venv/lib/python3.10/site-packages/django/core/handlers/base.py", line 197, in _get_response
    response = wrapped_callback(request, *callback_args, **callback_kwargs)
  File "/mnt/c/Users/ryanb/Desktop/new_code/bookrank/.linux-venv/lib/python3.10/site-packages/django/views/decorators/csrf.py", line 65, in _view_wrapper
    return view_func(request, *args, **kwargs)
  File "/mnt/c/Users/ryanb/Desktop/new_code/bookrank/.linux-venv/lib/python3.10/site-packages/django/views/generic/base.py", line 104, in view
    return self.dispatch(request, *args, **kwargs)
  File "/mnt/c/Users/ryanb/Desktop/new_code/bookrank/.linux-venv/lib/python3.10/site-packages/rest_framework/views.py", line 509, in dispatch
    response = self.handle_exception(exc)
  File "/mnt/c/Users/ryanb/Desktop/new_code/bookrank/.linux-venv/lib/python3.10/site-packages/rest_framework/views.py", line 469, in handle_exception
    self.raise_uncaught_exception(exc)
  File "/mnt/c/Users/ryanb/Desktop/new_code/bookrank/.linux-venv/lib/python3.10/site-packages/rest_framework/views.py", line 480, in raise_uncaught_exception
    raise exc
  File "/mnt/c/Users/ryanb/Desktop/new_code/bookrank/.linux-venv/lib/python3.10/site-packages/rest_framework/views.py", line 506, in dispatch
    response = handler(request, *args, **kwargs)
  File "/home/ryanbrown/projects/bookrank/app/djangoapp/djangoapp/views.py", line 373, in post
    request.session[work_id]['compared_books'].append(other_book_obj.work_id)
  File "/mnt/c/Users/ryanb/Desktop/new_code/bookrank/.linux-venv/lib/python3.10/site-packages/django/contrib/sessions/backends/base.py", line 53, in __getitem__
    return self._session[key]
KeyError: '48297245'
ERROR 2024-08-06 03:20:08,831 log Internal Server Error: /api/compare-book/
Traceback (most recent call last):
  File "/mnt/c/Users/ryanb/Desktop/new_code/bookrank/.linux-venv/lib/python3.10/site-packages/django/core/handlers/exception.py", line 55, in inner
    response = get_response(request)
  File "/mnt/c/Users/ryanb/Desktop/new_code/bookrank/.linux-venv/lib/python3.10/site-packages/django/core/handlers/base.py", line 197, in _get_response
    response = wrapped_callback(request, *callback_args, **callback_kwargs)
  File "/mnt/c/Users/ryanb/Desktop/new_code/bookrank/.linux-venv/lib/python3.10/site-packages/django/views/decorators/csrf.py", line 65, in _view_wrapper
    return view_func(request, *args, **kwargs)
  File "/mnt/c/Users/ryanb/Desktop/new_code/bookrank/.linux-venv/lib/python3.10/site-packages/django/views/generic/base.py", line 104, in view
    return self.dispatch(request, *args, **kwargs)
  File "/mnt/c/Users/ryanb/Desktop/new_code/bookrank/.linux-venv/lib/python3.10/site-packages/rest_framework/views.py", line 509, in dispatch
    response = self.handle_exception(exc)
  File "/mnt/c/Users/ryanb/Desktop/new_code/bookrank/.linux-venv/lib/python3.10/site-packages/rest_framework/views.py", line 469, in handle_exception
    self.raise_uncaught_exception(exc)
  File "/mnt/c/Users/ryanb/Desktop/new_code/bookrank/.linux-venv/lib/python3.10/site-packages/rest_framework/views.py", line 480, in raise_uncaught_exception
    raise exc
  File "/mnt/c/Users/ryanb/Desktop/new_code/bookrank/.linux-venv/lib/python3.10/site-packages/rest_framework/views.py", line 506, in dispatch
    response = handler(request, *args, **kwargs)
  File "/home/ryanbrown/projects/bookrank/app/djangoapp/djangoapp/views.py", line 375, in post
    request.session[work_id]['compared_books'].append(other_book_obj.work_id)
  File "/mnt/c/Users/ryanb/Desktop/new_code/bookrank/.linux-venv/lib/python3.10/site-packages/django/contrib/sessions/backends/base.py", line 53, in __getitem__
    return self._session[key]
KeyError: '48297245'
ERROR 2024-08-06 03:24:56,800 log Internal Server Error: /api/compare-book/
Traceback (most recent call last):
  File "/mnt/c/Users/ryanb/Desktop/new_code/bookrank/.linux-venv/lib/python3.10/site-packages/django/core/handlers/exception.py", line 55, in inner
    response = get_response(request)
  File "/mnt/c/Users/ryanb/Desktop/new_code/bookrank/.linux-venv/lib/python3.10/site-packages/django/core/handlers/base.py", line 197, in _get_response
    response = wrapped_callback(request, *callback_args, **callback_kwargs)
  File "/mnt/c/Users/ryanb/Desktop/new_code/bookrank/.linux-venv/lib/python3.10/site-packages/django/views/decorators/csrf.py", line 65, in _view_wrapper
    return view_func(request, *args, **kwargs)
  File "/mnt/c/Users/ryanb/Desktop/new_code/bookrank/.linux-venv/lib/python3.10/site-packages/django/views/generic/base.py", line 104, in view
    return self.dispatch(request, *args, **kwargs)
  File "/mnt/c/Users/ryanb/Desktop/new_code/bookrank/.linux-venv/lib/python3.10/site-packages/rest_framework/views.py", line 509, in dispatch
    response = self.handle_exception(exc)
  File "/mnt/c/Users/ryanb/Desktop/new_code/bookrank/.linux-venv/lib/python3.10/site-packages/rest_framework/views.py", line 469, in handle_exception
    self.raise_uncaught_exception(exc)
  File "/mnt/c/Users/ryanb/Desktop/new_code/bookrank/.linux-venv/lib/python3.10/site-packages/rest_framework/views.py", line 480, in raise_uncaught_exception
    raise exc
  File "/mnt/c/Users/ryanb/Desktop/new_code/bookrank/.linux-venv/lib/python3.10/site-packages/rest_framework/views.py", line 506, in dispatch
    response = handler(request, *args, **kwargs)
  File "/home/ryanbrown/projects/bookrank/app/djangoapp/djangoapp/views.py", line 375, in post
    request.session[work_id]['compared_books'].append(other_book_obj.work_id)
  File "/mnt/c/Users/ryanb/Desktop/new_code/bookrank/.linux-venv/lib/python3.10/site-packages/django/contrib/sessions/backends/base.py", line 53, in __getitem__
    return self._session[key]
KeyError: '48297245'
ERROR 2024-08-06 03:25:03,233 log Internal Server Error: /api/compare-book/
Traceback (most recent call last):
  File "/mnt/c/Users/ryanb/Desktop/new_code/bookrank/.linux-venv/lib/python3.10/site-packages/django/core/handlers/exception.py", line 55, in inner
    response = get_response(request)
  File "/mnt/c/Users/ryanb/Desktop/new_code/bookrank/.linux-venv/lib/python3.10/site-packages/django/core/handlers/base.py", line 197, in _get_response
    response = wrapped_callback(request, *callback_args, **callback_kwargs)
  File "/mnt/c/Users/ryanb/Desktop/new_code/bookrank/.linux-venv/lib/python3.10/site-packages/django/views/decorators/csrf.py", line 65, in _view_wrapper
    return view_func(request, *args, **kwargs)
  File "/mnt/c/Users/ryanb/Desktop/new_code/bookrank/.linux-venv/lib/python3.10/site-packages/django/views/generic/base.py", line 104, in view
    return self.dispatch(request, *args, **kwargs)
  File "/mnt/c/Users/ryanb/Desktop/new_code/bookrank/.linux-venv/lib/python3.10/site-packages/rest_framework/views.py", line 509, in dispatch
    response = self.handle_exception(exc)
  File "/mnt/c/Users/ryanb/Desktop/new_code/bookrank/.linux-venv/lib/python3.10/site-packages/rest_framework/views.py", line 469, in handle_exception
    self.raise_uncaught_exception(exc)
  File "/mnt/c/Users/ryanb/Desktop/new_code/bookrank/.linux-venv/lib/python3.10/site-packages/rest_framework/views.py", line 480, in raise_uncaught_exception
    raise exc
  File "/mnt/c/Users/ryanb/Desktop/new_code/bookrank/.linux-venv/lib/python3.10/site-packages/rest_framework/views.py", line 506, in dispatch
    response = handler(request, *args, **kwargs)
  File "/home/ryanbrown/projects/bookrank/app/djangoapp/djangoapp/views.py", line 375, in post
    request.session[work_id]['compared_books'].append(other_book_obj.work_id)
  File "/mnt/c/Users/ryanb/Desktop/new_code/bookrank/.linux-venv/lib/python3.10/site-packages/django/contrib/sessions/backends/base.py", line 53, in __getitem__
    return self._session[key]
KeyError: '48297245'
ERROR 2024-08-06 03:45:11,632 log Internal Server Error: /api/compare-book/
Traceback (most recent call last):
  File "/mnt/c/Users/ryanb/Desktop/new_code/bookrank/.linux-venv/lib/python3.10/site-packages/django/core/handlers/exception.py", line 55, in inner
    response = get_response(request)
  File "/mnt/c/Users/ryanb/Desktop/new_code/bookrank/.linux-venv/lib/python3.10/site-packages/django/core/handlers/base.py", line 197, in _get_response
    response = wrapped_callback(request, *callback_args, **callback_kwargs)
  File "/mnt/c/Users/ryanb/Desktop/new_code/bookrank/.linux-venv/lib/python3.10/site-packages/django/views/decorators/csrf.py", line 65, in _view_wrapper
    return view_func(request, *args, **kwargs)
  File "/mnt/c/Users/ryanb/Desktop/new_code/bookrank/.linux-venv/lib/python3.10/site-packages/django/views/generic/base.py", line 104, in view
    return self.dispatch(request, *args, **kwargs)
  File "/mnt/c/Users/ryanb/Desktop/new_code/bookrank/.linux-venv/lib/python3.10/site-packages/rest_framework/views.py", line 509, in dispatch
    response = self.handle_exception(exc)
  File "/mnt/c/Users/ryanb/Desktop/new_code/bookrank/.linux-venv/lib/python3.10/site-packages/rest_framework/views.py", line 469, in handle_exception
    self.raise_uncaught_exception(exc)
  File "/mnt/c/Users/ryanb/Desktop/new_code/bookrank/.linux-venv/lib/python3.10/site-packages/rest_framework/views.py", line 480, in raise_uncaught_exception
    raise exc
  File "/mnt/c/Users/ryanb/Desktop/new_code/bookrank/.linux-venv/lib/python3.10/site-packages/rest_framework/views.py", line 506, in dispatch
    response = handler(request, *args, **kwargs)
  File "/home/ryanbrown/projects/bookrank/app/djangoapp/djangoapp/views.py", line 379, in post
    request.session[work_id]['compared_books'].append(other_book_obj.work_id)
  File "/mnt/c/Users/ryanb/Desktop/new_code/bookrank/.linux-venv/lib/python3.10/site-packages/django/contrib/sessions/backends/base.py", line 53, in __getitem__
    return self._session[key]
KeyError: '48297245'
ERROR 2024-08-06 03:47:15,827 log Internal Server Error: /api/compare-book/
Traceback (most recent call last):
  File "/mnt/c/Users/ryanb/Desktop/new_code/bookrank/.linux-venv/lib/python3.10/site-packages/django/core/handlers/exception.py", line 55, in inner
    response = get_response(request)
  File "/mnt/c/Users/ryanb/Desktop/new_code/bookrank/.linux-venv/lib/python3.10/site-packages/django/core/handlers/base.py", line 197, in _get_response
    response = wrapped_callback(request, *callback_args, **callback_kwargs)
  File "/mnt/c/Users/ryanb/Desktop/new_code/bookrank/.linux-venv/lib/python3.10/site-packages/django/views/decorators/csrf.py", line 65, in _view_wrapper
    return view_func(request, *args, **kwargs)
  File "/mnt/c/Users/ryanb/Desktop/new_code/bookrank/.linux-venv/lib/python3.10/site-packages/django/views/generic/base.py", line 104, in view
    return self.dispatch(request, *args, **kwargs)
  File "/mnt/c/Users/ryanb/Desktop/new_code/bookrank/.linux-venv/lib/python3.10/site-packages/rest_framework/views.py", line 509, in dispatch
    response = self.handle_exception(exc)
  File "/mnt/c/Users/ryanb/Desktop/new_code/bookrank/.linux-venv/lib/python3.10/site-packages/rest_framework/views.py", line 469, in handle_exception
    self.raise_uncaught_exception(exc)
  File "/mnt/c/Users/ryanb/Desktop/new_code/bookrank/.linux-venv/lib/python3.10/site-packages/rest_framework/views.py", line 480, in raise_uncaught_exception
    raise exc
  File "/mnt/c/Users/ryanb/Desktop/new_code/bookrank/.linux-venv/lib/python3.10/site-packages/rest_framework/views.py", line 506, in dispatch
    response = handler(request, *args, **kwargs)
  File "/home/ryanbrown/projects/bookrank/app/djangoapp/djangoapp/views.py", line 379, in post
    request.session[work_id]['compared_books'].append(other_book_obj.work_id)
  File "/mnt/c/Users/ryanb/Desktop/new_code/bookrank/.linux-venv/lib/python3.10/site-packages/django/contrib/sessions/backends/base.py", line 53, in __getitem__
    return self._session[key]
KeyError: '48297245'
ERROR 2024-08-06 03:47:26,549 log Internal Server Error: /api/compare-book/
Traceback (most recent call last):
  File "/mnt/c/Users/ryanb/Desktop/new_code/bookrank/.linux-venv/lib/python3.10/site-packages/django/core/handlers/exception.py", line 55, in inner
    response = get_response(request)
  File "/mnt/c/Users/ryanb/Desktop/new_code/bookrank/.linux-venv/lib/python3.10/site-packages/django/core/handlers/base.py", line 197, in _get_response
    response = wrapped_callback(request, *callback_args, **callback_kwargs)
  File "/mnt/c/Users/ryanb/Desktop/new_code/bookrank/.linux-venv/lib/python3.10/site-packages/django/views/decorators/csrf.py", line 65, in _view_wrapper
    return view_func(request, *args, **kwargs)
  File "/mnt/c/Users/ryanb/Desktop/new_code/bookrank/.linux-venv/lib/python3.10/site-packages/django/views/generic/base.py", line 104, in view
    return self.dispatch(request, *args, **kwargs)
  File "/mnt/c/Users/ryanb/Desktop/new_code/bookrank/.linux-venv/lib/python3.10/site-packages/rest_framework/views.py", line 509, in dispatch
    response = self.handle_exception(exc)
  File "/mnt/c/Users/ryanb/Desktop/new_code/bookrank/.linux-venv/lib/python3.10/site-packages/rest_framework/views.py", line 469, in handle_exception
    self.raise_uncaught_exception(exc)
  File "/mnt/c/Users/ryanb/Desktop/new_code/bookrank/.linux-venv/lib/python3.10/site-packages/rest_framework/views.py", line 480, in raise_uncaught_exception
    raise exc
  File "/mnt/c/Users/ryanb/Desktop/new_code/bookrank/.linux-venv/lib/python3.10/site-packages/rest_framework/views.py", line 506, in dispatch
    response = handler(request, *args, **kwargs)
  File "/home/ryanbrown/projects/bookrank/app/djangoapp/djangoapp/views.py", line 379, in post
    request.session[work_id]['compared_books'].append(other_book_obj.work_id)
  File "/mnt/c/Users/ryanb/Desktop/new_code/bookrank/.linux-venv/lib/python3.10/site-packages/django/contrib/sessions/backends/base.py", line 53, in __getitem__
    return self._session[key]
KeyError: '48297245'
ERROR 2024-08-06 03:48:47,131 log Internal Server Error: /api/compare-book/
Traceback (most recent call last):
  File "/mnt/c/Users/ryanb/Desktop/new_code/bookrank/.linux-venv/lib/python3.10/site-packages/django/core/handlers/exception.py", line 55, in inner
    response = get_response(request)
  File "/mnt/c/Users/ryanb/Desktop/new_code/bookrank/.linux-venv/lib/python3.10/site-packages/django/core/handlers/base.py", line 197, in _get_response
    response = wrapped_callback(request, *callback_args, **callback_kwargs)
  File "/mnt/c/Users/ryanb/Desktop/new_code/bookrank/.linux-venv/lib/python3.10/site-packages/django/views/decorators/csrf.py", line 65, in _view_wrapper
    return view_func(request, *args, **kwargs)
  File "/mnt/c/Users/ryanb/Desktop/new_code/bookrank/.linux-venv/lib/python3.10/site-packages/django/views/generic/base.py", line 104, in view
    return self.dispatch(request, *args, **kwargs)
  File "/mnt/c/Users/ryanb/Desktop/new_code/bookrank/.linux-venv/lib/python3.10/site-packages/rest_framework/views.py", line 509, in dispatch
    response = self.handle_exception(exc)
  File "/mnt/c/Users/ryanb/Desktop/new_code/bookrank/.linux-venv/lib/python3.10/site-packages/rest_framework/views.py", line 469, in handle_exception
    self.raise_uncaught_exception(exc)
  File "/mnt/c/Users/ryanb/Desktop/new_code/bookrank/.linux-venv/lib/python3.10/site-packages/rest_framework/views.py", line 480, in raise_uncaught_exception
    raise exc
  File "/mnt/c/Users/ryanb/Desktop/new_code/bookrank/.linux-venv/lib/python3.10/site-packages/rest_framework/views.py", line 506, in dispatch
    response = handler(request, *args, **kwargs)
  File "/home/ryanbrown/projects/bookrank/app/djangoapp/djangoapp/views.py", line 379, in post
    request.session[work_id]['compared_books'].append(other_book_obj.work_id)
  File "/mnt/c/Users/ryanb/Desktop/new_code/bookrank/.linux-venv/lib/python3.10/site-packages/django/contrib/sessions/backends/base.py", line 53, in __getitem__
    return self._session[key]
KeyError: '48297245'
ERROR 2024-08-06 03:51:06,719 log Internal Server Error: /api/compare-book/
Traceback (most recent call last):
  File "/mnt/c/Users/ryanb/Desktop/new_code/bookrank/.linux-venv/lib/python3.10/site-packages/django/core/handlers/exception.py", line 55, in inner
    response = get_response(request)
  File "/mnt/c/Users/ryanb/Desktop/new_code/bookrank/.linux-venv/lib/python3.10/site-packages/django/core/handlers/base.py", line 197, in _get_response
    response = wrapped_callback(request, *callback_args, **callback_kwargs)
  File "/mnt/c/Users/ryanb/Desktop/new_code/bookrank/.linux-venv/lib/python3.10/site-packages/django/views/decorators/csrf.py", line 65, in _view_wrapper
    return view_func(request, *args, **kwargs)
  File "/mnt/c/Users/ryanb/Desktop/new_code/bookrank/.linux-venv/lib/python3.10/site-packages/django/views/generic/base.py", line 104, in view
    return self.dispatch(request, *args, **kwargs)
  File "/mnt/c/Users/ryanb/Desktop/new_code/bookrank/.linux-venv/lib/python3.10/site-packages/rest_framework/views.py", line 509, in dispatch
    response = self.handle_exception(exc)
  File "/mnt/c/Users/ryanb/Desktop/new_code/bookrank/.linux-venv/lib/python3.10/site-packages/rest_framework/views.py", line 469, in handle_exception
    self.raise_uncaught_exception(exc)
  File "/mnt/c/Users/ryanb/Desktop/new_code/bookrank/.linux-venv/lib/python3.10/site-packages/rest_framework/views.py", line 480, in raise_uncaught_exception
    raise exc
  File "/mnt/c/Users/ryanb/Desktop/new_code/bookrank/.linux-venv/lib/python3.10/site-packages/rest_framework/views.py", line 506, in dispatch
    response = handler(request, *args, **kwargs)
  File "/home/ryanbrown/projects/bookrank/app/djangoapp/djangoapp/views.py", line 379, in post
    request.session[work_id]['compared_books'].append(other_book_obj.work_id)
  File "/mnt/c/Users/ryanb/Desktop/new_code/bookrank/.linux-venv/lib/python3.10/site-packages/django/contrib/sessions/backends/base.py", line 53, in __getitem__
    return self._session[key]
KeyError: '48297245'
ERROR 2024-08-06 03:52:54,504 log Internal Server Error: /api/compare-book/
Traceback (most recent call last):
  File "/mnt/c/Users/ryanb/Desktop/new_code/bookrank/.linux-venv/lib/python3.10/site-packages/django/core/handlers/exception.py", line 55, in inner
    response = get_response(request)
  File "/mnt/c/Users/ryanb/Desktop/new_code/bookrank/.linux-venv/lib/python3.10/site-packages/django/core/handlers/base.py", line 197, in _get_response
    response = wrapped_callback(request, *callback_args, **callback_kwargs)
  File "/mnt/c/Users/ryanb/Desktop/new_code/bookrank/.linux-venv/lib/python3.10/site-packages/django/views/decorators/csrf.py", line 65, in _view_wrapper
    return view_func(request, *args, **kwargs)
  File "/mnt/c/Users/ryanb/Desktop/new_code/bookrank/.linux-venv/lib/python3.10/site-packages/django/views/generic/base.py", line 104, in view
    return self.dispatch(request, *args, **kwargs)
  File "/mnt/c/Users/ryanb/Desktop/new_code/bookrank/.linux-venv/lib/python3.10/site-packages/rest_framework/views.py", line 509, in dispatch
    response = self.handle_exception(exc)
  File "/mnt/c/Users/ryanb/Desktop/new_code/bookrank/.linux-venv/lib/python3.10/site-packages/rest_framework/views.py", line 469, in handle_exception
    self.raise_uncaught_exception(exc)
  File "/mnt/c/Users/ryanb/Desktop/new_code/bookrank/.linux-venv/lib/python3.10/site-packages/rest_framework/views.py", line 480, in raise_uncaught_exception
    raise exc
  File "/mnt/c/Users/ryanb/Desktop/new_code/bookrank/.linux-venv/lib/python3.10/site-packages/rest_framework/views.py", line 506, in dispatch
    response = handler(request, *args, **kwargs)
  File "/home/ryanbrown/projects/bookrank/app/djangoapp/djangoapp/views.py", line 379, in post
    request.session[work_id]['compared_books'].append(other_book_obj.work_id)
  File "/mnt/c/Users/ryanb/Desktop/new_code/bookrank/.linux-venv/lib/python3.10/site-packages/django/contrib/sessions/backends/base.py", line 53, in __getitem__
    return self._session[key]
KeyError: '48297245'
ERROR 2024-08-06 03:55:09,638 log Internal Server Error: /api/compare-book/
Traceback (most recent call last):
  File "/mnt/c/Users/ryanb/Desktop/new_code/bookrank/.linux-venv/lib/python3.10/site-packages/django/core/handlers/exception.py", line 55, in inner
    response = get_response(request)
  File "/mnt/c/Users/ryanb/Desktop/new_code/bookrank/.linux-venv/lib/python3.10/site-packages/django/core/handlers/base.py", line 197, in _get_response
    response = wrapped_callback(request, *callback_args, **callback_kwargs)
  File "/mnt/c/Users/ryanb/Desktop/new_code/bookrank/.linux-venv/lib/python3.10/site-packages/django/views/decorators/csrf.py", line 65, in _view_wrapper
    return view_func(request, *args, **kwargs)
  File "/mnt/c/Users/ryanb/Desktop/new_code/bookrank/.linux-venv/lib/python3.10/site-packages/django/views/generic/base.py", line 104, in view
    return self.dispatch(request, *args, **kwargs)
  File "/mnt/c/Users/ryanb/Desktop/new_code/bookrank/.linux-venv/lib/python3.10/site-packages/rest_framework/views.py", line 509, in dispatch
    response = self.handle_exception(exc)
  File "/mnt/c/Users/ryanb/Desktop/new_code/bookrank/.linux-venv/lib/python3.10/site-packages/rest_framework/views.py", line 469, in handle_exception
    self.raise_uncaught_exception(exc)
  File "/mnt/c/Users/ryanb/Desktop/new_code/bookrank/.linux-venv/lib/python3.10/site-packages/rest_framework/views.py", line 480, in raise_uncaught_exception
    raise exc
  File "/mnt/c/Users/ryanb/Desktop/new_code/bookrank/.linux-venv/lib/python3.10/site-packages/rest_framework/views.py", line 506, in dispatch
    response = handler(request, *args, **kwargs)
  File "/home/ryanbrown/projects/bookrank/app/djangoapp/djangoapp/views.py", line 379, in post
    request.session[work_id]['compared_books'].append(other_book_obj.work_id)
  File "/mnt/c/Users/ryanb/Desktop/new_code/bookrank/.linux-venv/lib/python3.10/site-packages/django/contrib/sessions/backends/base.py", line 53, in __getitem__
    return self._session[key]
KeyError: '48297245'
ERROR 2024-08-06 03:55:14,287 log Internal Server Error: /api/compare-book/
Traceback (most recent call last):
  File "/mnt/c/Users/ryanb/Desktop/new_code/bookrank/.linux-venv/lib/python3.10/site-packages/django/core/handlers/exception.py", line 55, in inner
    response = get_response(request)
  File "/mnt/c/Users/ryanb/Desktop/new_code/bookrank/.linux-venv/lib/python3.10/site-packages/django/core/handlers/base.py", line 197, in _get_response
    response = wrapped_callback(request, *callback_args, **callback_kwargs)
  File "/mnt/c/Users/ryanb/Desktop/new_code/bookrank/.linux-venv/lib/python3.10/site-packages/django/views/decorators/csrf.py", line 65, in _view_wrapper
    return view_func(request, *args, **kwargs)
  File "/mnt/c/Users/ryanb/Desktop/new_code/bookrank/.linux-venv/lib/python3.10/site-packages/django/views/generic/base.py", line 104, in view
    return self.dispatch(request, *args, **kwargs)
  File "/mnt/c/Users/ryanb/Desktop/new_code/bookrank/.linux-venv/lib/python3.10/site-packages/rest_framework/views.py", line 509, in dispatch
    response = self.handle_exception(exc)
  File "/mnt/c/Users/ryanb/Desktop/new_code/bookrank/.linux-venv/lib/python3.10/site-packages/rest_framework/views.py", line 469, in handle_exception
    self.raise_uncaught_exception(exc)
  File "/mnt/c/Users/ryanb/Desktop/new_code/bookrank/.linux-venv/lib/python3.10/site-packages/rest_framework/views.py", line 480, in raise_uncaught_exception
    raise exc
  File "/mnt/c/Users/ryanb/Desktop/new_code/bookrank/.linux-venv/lib/python3.10/site-packages/rest_framework/views.py", line 506, in dispatch
    response = handler(request, *args, **kwargs)
  File "/home/ryanbrown/projects/bookrank/app/djangoapp/djangoapp/views.py", line 379, in post
    request.session[work_id]['compared_books'].append(other_book_obj.work_id)
  File "/mnt/c/Users/ryanb/Desktop/new_code/bookrank/.linux-venv/lib/python3.10/site-packages/django/contrib/sessions/backends/base.py", line 53, in __getitem__
    return self._session[key]
KeyError: '48297245'
ERROR 2024-08-06 03:55:24,048 log Internal Server Error: /api/compare-book/
Traceback (most recent call last):
  File "/mnt/c/Users/ryanb/Desktop/new_code/bookrank/.linux-venv/lib/python3.10/site-packages/django/core/handlers/exception.py", line 55, in inner
    response = get_response(request)
  File "/mnt/c/Users/ryanb/Desktop/new_code/bookrank/.linux-venv/lib/python3.10/site-packages/django/core/handlers/base.py", line 197, in _get_response
    response = wrapped_callback(request, *callback_args, **callback_kwargs)
  File "/mnt/c/Users/ryanb/Desktop/new_code/bookrank/.linux-venv/lib/python3.10/site-packages/django/views/decorators/csrf.py", line 65, in _view_wrapper
    return view_func(request, *args, **kwargs)
  File "/mnt/c/Users/ryanb/Desktop/new_code/bookrank/.linux-venv/lib/python3.10/site-packages/django/views/generic/base.py", line 104, in view
    return self.dispatch(request, *args, **kwargs)
  File "/mnt/c/Users/ryanb/Desktop/new_code/bookrank/.linux-venv/lib/python3.10/site-packages/rest_framework/views.py", line 509, in dispatch
    response = self.handle_exception(exc)
  File "/mnt/c/Users/ryanb/Desktop/new_code/bookrank/.linux-venv/lib/python3.10/site-packages/rest_framework/views.py", line 469, in handle_exception
    self.raise_uncaught_exception(exc)
  File "/mnt/c/Users/ryanb/Desktop/new_code/bookrank/.linux-venv/lib/python3.10/site-packages/rest_framework/views.py", line 480, in raise_uncaught_exception
    raise exc
  File "/mnt/c/Users/ryanb/Desktop/new_code/bookrank/.linux-venv/lib/python3.10/site-packages/rest_framework/views.py", line 506, in dispatch
    response = handler(request, *args, **kwargs)
  File "/home/ryanbrown/projects/bookrank/app/djangoapp/djangoapp/views.py", line 379, in post
    request.session[work_id]['compared_books'].append(other_book_obj.work_id)
  File "/mnt/c/Users/ryanb/Desktop/new_code/bookrank/.linux-venv/lib/python3.10/site-packages/django/contrib/sessions/backends/base.py", line 53, in __getitem__
    return self._session[key]
KeyError: '48297245'
ERROR 2024-08-06 03:56:29,755 log Internal Server Error: /api/compare-book/
Traceback (most recent call last):
  File "/mnt/c/Users/ryanb/Desktop/new_code/bookrank/.linux-venv/lib/python3.10/site-packages/django/core/handlers/exception.py", line 55, in inner
    response = get_response(request)
  File "/mnt/c/Users/ryanb/Desktop/new_code/bookrank/.linux-venv/lib/python3.10/site-packages/django/core/handlers/base.py", line 197, in _get_response
    response = wrapped_callback(request, *callback_args, **callback_kwargs)
  File "/mnt/c/Users/ryanb/Desktop/new_code/bookrank/.linux-venv/lib/python3.10/site-packages/django/views/decorators/csrf.py", line 65, in _view_wrapper
    return view_func(request, *args, **kwargs)
  File "/mnt/c/Users/ryanb/Desktop/new_code/bookrank/.linux-venv/lib/python3.10/site-packages/django/views/generic/base.py", line 104, in view
    return self.dispatch(request, *args, **kwargs)
  File "/mnt/c/Users/ryanb/Desktop/new_code/bookrank/.linux-venv/lib/python3.10/site-packages/rest_framework/views.py", line 509, in dispatch
    response = self.handle_exception(exc)
  File "/mnt/c/Users/ryanb/Desktop/new_code/bookrank/.linux-venv/lib/python3.10/site-packages/rest_framework/views.py", line 469, in handle_exception
    self.raise_uncaught_exception(exc)
  File "/mnt/c/Users/ryanb/Desktop/new_code/bookrank/.linux-venv/lib/python3.10/site-packages/rest_framework/views.py", line 480, in raise_uncaught_exception
    raise exc
  File "/mnt/c/Users/ryanb/Desktop/new_code/bookrank/.linux-venv/lib/python3.10/site-packages/rest_framework/views.py", line 506, in dispatch
    response = handler(request, *args, **kwargs)
  File "/home/ryanbrown/projects/bookrank/app/djangoapp/djangoapp/views.py", line 379, in post
    request.session[work_id]['compared_books'].append(other_book_obj.work_id)
  File "/mnt/c/Users/ryanb/Desktop/new_code/bookrank/.linux-venv/lib/python3.10/site-packages/django/contrib/sessions/backends/base.py", line 53, in __getitem__
    return self._session[key]
KeyError: '48297245'
ERROR 2024-08-06 03:57:27,119 log Internal Server Error: /api/compare-book/
Traceback (most recent call last):
  File "/mnt/c/Users/ryanb/Desktop/new_code/bookrank/.linux-venv/lib/python3.10/site-packages/django/core/handlers/exception.py", line 55, in inner
    response = get_response(request)
  File "/mnt/c/Users/ryanb/Desktop/new_code/bookrank/.linux-venv/lib/python3.10/site-packages/django/core/handlers/base.py", line 197, in _get_response
    response = wrapped_callback(request, *callback_args, **callback_kwargs)
  File "/mnt/c/Users/ryanb/Desktop/new_code/bookrank/.linux-venv/lib/python3.10/site-packages/django/views/decorators/csrf.py", line 65, in _view_wrapper
    return view_func(request, *args, **kwargs)
  File "/mnt/c/Users/ryanb/Desktop/new_code/bookrank/.linux-venv/lib/python3.10/site-packages/django/views/generic/base.py", line 104, in view
    return self.dispatch(request, *args, **kwargs)
  File "/mnt/c/Users/ryanb/Desktop/new_code/bookrank/.linux-venv/lib/python3.10/site-packages/rest_framework/views.py", line 509, in dispatch
    response = self.handle_exception(exc)
  File "/mnt/c/Users/ryanb/Desktop/new_code/bookrank/.linux-venv/lib/python3.10/site-packages/rest_framework/views.py", line 469, in handle_exception
    self.raise_uncaught_exception(exc)
  File "/mnt/c/Users/ryanb/Desktop/new_code/bookrank/.linux-venv/lib/python3.10/site-packages/rest_framework/views.py", line 480, in raise_uncaught_exception
    raise exc
  File "/mnt/c/Users/ryanb/Desktop/new_code/bookrank/.linux-venv/lib/python3.10/site-packages/rest_framework/views.py", line 506, in dispatch
    response = handler(request, *args, **kwargs)
  File "/home/ryanbrown/projects/bookrank/app/djangoapp/djangoapp/views.py", line 379, in post
    request.session[work_id]['compared_books'].append(other_book_obj.work_id)
  File "/mnt/c/Users/ryanb/Desktop/new_code/bookrank/.linux-venv/lib/python3.10/site-packages/django/contrib/sessions/backends/base.py", line 53, in __getitem__
    return self._session[key]
KeyError: '48297245'
ERROR 2024-08-06 03:57:30,409 log Internal Server Error: /api/compare-book/
Traceback (most recent call last):
  File "/mnt/c/Users/ryanb/Desktop/new_code/bookrank/.linux-venv/lib/python3.10/site-packages/django/core/handlers/exception.py", line 55, in inner
    response = get_response(request)
  File "/mnt/c/Users/ryanb/Desktop/new_code/bookrank/.linux-venv/lib/python3.10/site-packages/django/core/handlers/base.py", line 197, in _get_response
    response = wrapped_callback(request, *callback_args, **callback_kwargs)
  File "/mnt/c/Users/ryanb/Desktop/new_code/bookrank/.linux-venv/lib/python3.10/site-packages/django/views/decorators/csrf.py", line 65, in _view_wrapper
    return view_func(request, *args, **kwargs)
  File "/mnt/c/Users/ryanb/Desktop/new_code/bookrank/.linux-venv/lib/python3.10/site-packages/django/views/generic/base.py", line 104, in view
    return self.dispatch(request, *args, **kwargs)
  File "/mnt/c/Users/ryanb/Desktop/new_code/bookrank/.linux-venv/lib/python3.10/site-packages/rest_framework/views.py", line 509, in dispatch
    response = self.handle_exception(exc)
  File "/mnt/c/Users/ryanb/Desktop/new_code/bookrank/.linux-venv/lib/python3.10/site-packages/rest_framework/views.py", line 469, in handle_exception
    self.raise_uncaught_exception(exc)
  File "/mnt/c/Users/ryanb/Desktop/new_code/bookrank/.linux-venv/lib/python3.10/site-packages/rest_framework/views.py", line 480, in raise_uncaught_exception
    raise exc
  File "/mnt/c/Users/ryanb/Desktop/new_code/bookrank/.linux-venv/lib/python3.10/site-packages/rest_framework/views.py", line 506, in dispatch
    response = handler(request, *args, **kwargs)
  File "/home/ryanbrown/projects/bookrank/app/djangoapp/djangoapp/views.py", line 379, in post
    request.session[work_id]['compared_books'].append(other_book_obj.work_id)
  File "/mnt/c/Users/ryanb/Desktop/new_code/bookrank/.linux-venv/lib/python3.10/site-packages/django/contrib/sessions/backends/base.py", line 53, in __getitem__
    return self._session[key]
KeyError: '48297245'
ERROR 2024-08-06 04:03:10,614 log Internal Server Error: /api/compare-book/
Traceback (most recent call last):
  File "/mnt/c/Users/ryanb/Desktop/new_code/bookrank/.linux-venv/lib/python3.10/site-packages/django/core/handlers/exception.py", line 55, in inner
    response = get_response(request)
  File "/mnt/c/Users/ryanb/Desktop/new_code/bookrank/.linux-venv/lib/python3.10/site-packages/django/core/handlers/base.py", line 197, in _get_response
    response = wrapped_callback(request, *callback_args, **callback_kwargs)
  File "/mnt/c/Users/ryanb/Desktop/new_code/bookrank/.linux-venv/lib/python3.10/site-packages/django/views/decorators/csrf.py", line 65, in _view_wrapper
    return view_func(request, *args, **kwargs)
  File "/mnt/c/Users/ryanb/Desktop/new_code/bookrank/.linux-venv/lib/python3.10/site-packages/django/views/generic/base.py", line 104, in view
    return self.dispatch(request, *args, **kwargs)
  File "/mnt/c/Users/ryanb/Desktop/new_code/bookrank/.linux-venv/lib/python3.10/site-packages/rest_framework/views.py", line 509, in dispatch
    response = self.handle_exception(exc)
  File "/mnt/c/Users/ryanb/Desktop/new_code/bookrank/.linux-venv/lib/python3.10/site-packages/rest_framework/views.py", line 469, in handle_exception
    self.raise_uncaught_exception(exc)
  File "/mnt/c/Users/ryanb/Desktop/new_code/bookrank/.linux-venv/lib/python3.10/site-packages/rest_framework/views.py", line 480, in raise_uncaught_exception
    raise exc
  File "/mnt/c/Users/ryanb/Desktop/new_code/bookrank/.linux-venv/lib/python3.10/site-packages/rest_framework/views.py", line 506, in dispatch
    response = handler(request, *args, **kwargs)
  File "/home/ryanbrown/projects/bookrank/app/djangoapp/djangoapp/views.py", line 381, in post
    request.session[work_id]['compared_books'].append(other_book_obj.work_id)
  File "/mnt/c/Users/ryanb/Desktop/new_code/bookrank/.linux-venv/lib/python3.10/site-packages/django/contrib/sessions/backends/base.py", line 53, in __getitem__
    return self._session[key]
KeyError: '48297245'
ERROR 2024-08-06 04:04:53,631 log Internal Server Error: /api/compare-book/
Traceback (most recent call last):
  File "/mnt/c/Users/ryanb/Desktop/new_code/bookrank/.linux-venv/lib/python3.10/site-packages/django/core/handlers/exception.py", line 55, in inner
    response = get_response(request)
  File "/mnt/c/Users/ryanb/Desktop/new_code/bookrank/.linux-venv/lib/python3.10/site-packages/django/core/handlers/base.py", line 197, in _get_response
    response = wrapped_callback(request, *callback_args, **callback_kwargs)
  File "/mnt/c/Users/ryanb/Desktop/new_code/bookrank/.linux-venv/lib/python3.10/site-packages/django/views/decorators/csrf.py", line 65, in _view_wrapper
    return view_func(request, *args, **kwargs)
  File "/mnt/c/Users/ryanb/Desktop/new_code/bookrank/.linux-venv/lib/python3.10/site-packages/django/views/generic/base.py", line 104, in view
    return self.dispatch(request, *args, **kwargs)
  File "/mnt/c/Users/ryanb/Desktop/new_code/bookrank/.linux-venv/lib/python3.10/site-packages/rest_framework/views.py", line 509, in dispatch
    response = self.handle_exception(exc)
  File "/mnt/c/Users/ryanb/Desktop/new_code/bookrank/.linux-venv/lib/python3.10/site-packages/rest_framework/views.py", line 469, in handle_exception
    self.raise_uncaught_exception(exc)
  File "/mnt/c/Users/ryanb/Desktop/new_code/bookrank/.linux-venv/lib/python3.10/site-packages/rest_framework/views.py", line 480, in raise_uncaught_exception
    raise exc
  File "/mnt/c/Users/ryanb/Desktop/new_code/bookrank/.linux-venv/lib/python3.10/site-packages/rest_framework/views.py", line 506, in dispatch
    response = handler(request, *args, **kwargs)
  File "/home/ryanbrown/projects/bookrank/app/djangoapp/djangoapp/views.py", line 381, in post
    request.session[work_id]['compared_books'].append(other_book_obj.work_id)
  File "/mnt/c/Users/ryanb/Desktop/new_code/bookrank/.linux-venv/lib/python3.10/site-packages/django/contrib/sessions/backends/base.py", line 53, in __getitem__
    return self._session[key]
KeyError: '48297245'
ERROR 2024-08-08 23:16:33,573 log Internal Server Error: /api/search/
Traceback (most recent call last):
  File "/mnt/c/Users/ryanb/Desktop/new_code/bookrank/.linux-venv/lib/python3.10/site-packages/urllib3/connectionpool.py", line 536, in _make_request
    response = conn.getresponse()
  File "/mnt/c/Users/ryanb/Desktop/new_code/bookrank/.linux-venv/lib/python3.10/site-packages/urllib3/connection.py", line 464, in getresponse
    httplib_response = super().getresponse()
  File "/usr/lib/python3.10/http/client.py", line 1375, in getresponse
    response.begin()
  File "/usr/lib/python3.10/http/client.py", line 318, in begin
    version, status, reason = self._read_status()
  File "/usr/lib/python3.10/http/client.py", line 279, in _read_status
    line = str(self.fp.readline(_MAXLINE + 1), "iso-8859-1")
  File "/usr/lib/python3.10/socket.py", line 705, in readinto
    return self._sock.recv_into(b)
  File "/usr/lib/python3.10/ssl.py", line 1303, in recv_into
    return self.read(nbytes, buffer)
  File "/usr/lib/python3.10/ssl.py", line 1159, in read
    return self._sslobj.read(len, buffer)
TimeoutError: The read operation timed out

The above exception was the direct cause of the following exception:

Traceback (most recent call last):
  File "/mnt/c/Users/ryanb/Desktop/new_code/bookrank/.linux-venv/lib/python3.10/site-packages/requests/adapters.py", line 667, in send
    resp = conn.urlopen(
  File "/mnt/c/Users/ryanb/Desktop/new_code/bookrank/.linux-venv/lib/python3.10/site-packages/urllib3/connectionpool.py", line 843, in urlopen
    retries = retries.increment(
  File "/mnt/c/Users/ryanb/Desktop/new_code/bookrank/.linux-venv/lib/python3.10/site-packages/urllib3/util/retry.py", line 474, in increment
    raise reraise(type(error), error, _stacktrace)
  File "/mnt/c/Users/ryanb/Desktop/new_code/bookrank/.linux-venv/lib/python3.10/site-packages/urllib3/util/util.py", line 39, in reraise
    raise value
  File "/mnt/c/Users/ryanb/Desktop/new_code/bookrank/.linux-venv/lib/python3.10/site-packages/urllib3/connectionpool.py", line 789, in urlopen
    response = self._make_request(
  File "/mnt/c/Users/ryanb/Desktop/new_code/bookrank/.linux-venv/lib/python3.10/site-packages/urllib3/connectionpool.py", line 538, in _make_request
    self._raise_timeout(err=e, url=url, timeout_value=read_timeout)
  File "/mnt/c/Users/ryanb/Desktop/new_code/bookrank/.linux-venv/lib/python3.10/site-packages/urllib3/connectionpool.py", line 369, in _raise_timeout
    raise ReadTimeoutError(
urllib3.exceptions.ReadTimeoutError: HTTPSConnectionPool(host='search-bookrank-testing-6jgeuos7njdnqf5yzhbutmoea4.us-east-2.es.amazonaws.com', port=443): Read timed out. (read timeout=10)

During handling of the above exception, another exception occurred:

Traceback (most recent call last):
  File "/mnt/c/Users/ryanb/Desktop/new_code/bookrank/.linux-venv/lib/python3.10/site-packages/opensearchpy/connection/http_requests.py", line 199, in perform_request
    response = self.session.send(prepared_request, **send_kwargs)
  File "/mnt/c/Users/ryanb/Desktop/new_code/bookrank/.linux-venv/lib/python3.10/site-packages/requests/sessions.py", line 703, in send
    r = adapter.send(request, **kwargs)
  File "/mnt/c/Users/ryanb/Desktop/new_code/bookrank/.linux-venv/lib/python3.10/site-packages/requests/adapters.py", line 713, in send
    raise ReadTimeout(e, request=request)
requests.exceptions.ReadTimeout: HTTPSConnectionPool(host='search-bookrank-testing-6jgeuos7njdnqf5yzhbutmoea4.us-east-2.es.amazonaws.com', port=443): Read timed out. (read timeout=10)

During handling of the above exception, another exception occurred:

Traceback (most recent call last):
  File "/mnt/c/Users/ryanb/Desktop/new_code/bookrank/.linux-venv/lib/python3.10/site-packages/django/core/handlers/exception.py", line 55, in inner
    response = get_response(request)
  File "/mnt/c/Users/ryanb/Desktop/new_code/bookrank/.linux-venv/lib/python3.10/site-packages/django/core/handlers/base.py", line 197, in _get_response
    response = wrapped_callback(request, *callback_args, **callback_kwargs)
  File "/mnt/c/Users/ryanb/Desktop/new_code/bookrank/.linux-venv/lib/python3.10/site-packages/django/views/decorators/csrf.py", line 65, in _view_wrapper
    return view_func(request, *args, **kwargs)
  File "/mnt/c/Users/ryanb/Desktop/new_code/bookrank/.linux-venv/lib/python3.10/site-packages/django/views/generic/base.py", line 104, in view
    return self.dispatch(request, *args, **kwargs)
  File "/mnt/c/Users/ryanb/Desktop/new_code/bookrank/.linux-venv/lib/python3.10/site-packages/rest_framework/views.py", line 509, in dispatch
    response = self.handle_exception(exc)
  File "/mnt/c/Users/ryanb/Desktop/new_code/bookrank/.linux-venv/lib/python3.10/site-packages/rest_framework/views.py", line 469, in handle_exception
    self.raise_uncaught_exception(exc)
  File "/mnt/c/Users/ryanb/Desktop/new_code/bookrank/.linux-venv/lib/python3.10/site-packages/rest_framework/views.py", line 480, in raise_uncaught_exception
    raise exc
  File "/mnt/c/Users/ryanb/Desktop/new_code/bookrank/.linux-venv/lib/python3.10/site-packages/rest_framework/views.py", line 506, in dispatch
    response = handler(request, *args, **kwargs)
  File "/home/ryanbrown/projects/bookrank/app/djangoapp/djangoapp/views.py", line 226, in get
    searchbooklist = search(query)
  File "/home/ryanbrown/projects/bookrank/app/djangoapp/djangoapp/views.py", line 135, in search
    response = client.search(index=INDEX_NAME, body=search_query)
  File "/mnt/c/Users/ryanb/Desktop/new_code/bookrank/.linux-venv/lib/python3.10/site-packages/opensearchpy/client/utils.py", line 180, in _wrapped
    return func(*args, params=params, headers=headers, **kwargs)
  File "/mnt/c/Users/ryanb/Desktop/new_code/bookrank/.linux-venv/lib/python3.10/site-packages/opensearchpy/client/__init__.py", line 2359, in search
    return self.transport.perform_request(
  File "/mnt/c/Users/ryanb/Desktop/new_code/bookrank/.linux-venv/lib/python3.10/site-packages/opensearchpy/transport.py", line 455, in perform_request
    raise e
  File "/mnt/c/Users/ryanb/Desktop/new_code/bookrank/.linux-venv/lib/python3.10/site-packages/opensearchpy/transport.py", line 416, in perform_request
    status, headers_response, data = connection.perform_request(
  File "/mnt/c/Users/ryanb/Desktop/new_code/bookrank/.linux-venv/lib/python3.10/site-packages/opensearchpy/connection/http_requests.py", line 216, in perform_request
    raise ConnectionTimeout("TIMEOUT", str(e), e)
opensearchpy.exceptions.ConnectionTimeout: ConnectionTimeout caused by - ReadTimeout(HTTPSConnectionPool(host='search-bookrank-testing-6jgeuos7njdnqf5yzhbutmoea4.us-east-2.es.amazonaws.com', port=443): Read timed out. (read timeout=10))
ERROR 2024-08-08 23:16:49,689 log Internal Server Error: /api/search/
Traceback (most recent call last):
  File "/mnt/c/Users/ryanb/Desktop/new_code/bookrank/.linux-venv/lib/python3.10/site-packages/urllib3/connectionpool.py", line 536, in _make_request
    response = conn.getresponse()
  File "/mnt/c/Users/ryanb/Desktop/new_code/bookrank/.linux-venv/lib/python3.10/site-packages/urllib3/connection.py", line 464, in getresponse
    httplib_response = super().getresponse()
  File "/usr/lib/python3.10/http/client.py", line 1375, in getresponse
    response.begin()
  File "/usr/lib/python3.10/http/client.py", line 318, in begin
    version, status, reason = self._read_status()
  File "/usr/lib/python3.10/http/client.py", line 279, in _read_status
    line = str(self.fp.readline(_MAXLINE + 1), "iso-8859-1")
  File "/usr/lib/python3.10/socket.py", line 705, in readinto
    return self._sock.recv_into(b)
  File "/usr/lib/python3.10/ssl.py", line 1303, in recv_into
    return self.read(nbytes, buffer)
  File "/usr/lib/python3.10/ssl.py", line 1159, in read
    return self._sslobj.read(len, buffer)
TimeoutError: The read operation timed out

The above exception was the direct cause of the following exception:

Traceback (most recent call last):
  File "/mnt/c/Users/ryanb/Desktop/new_code/bookrank/.linux-venv/lib/python3.10/site-packages/requests/adapters.py", line 667, in send
    resp = conn.urlopen(
  File "/mnt/c/Users/ryanb/Desktop/new_code/bookrank/.linux-venv/lib/python3.10/site-packages/urllib3/connectionpool.py", line 843, in urlopen
    retries = retries.increment(
  File "/mnt/c/Users/ryanb/Desktop/new_code/bookrank/.linux-venv/lib/python3.10/site-packages/urllib3/util/retry.py", line 474, in increment
    raise reraise(type(error), error, _stacktrace)
  File "/mnt/c/Users/ryanb/Desktop/new_code/bookrank/.linux-venv/lib/python3.10/site-packages/urllib3/util/util.py", line 39, in reraise
    raise value
  File "/mnt/c/Users/ryanb/Desktop/new_code/bookrank/.linux-venv/lib/python3.10/site-packages/urllib3/connectionpool.py", line 789, in urlopen
    response = self._make_request(
  File "/mnt/c/Users/ryanb/Desktop/new_code/bookrank/.linux-venv/lib/python3.10/site-packages/urllib3/connectionpool.py", line 538, in _make_request
    self._raise_timeout(err=e, url=url, timeout_value=read_timeout)
  File "/mnt/c/Users/ryanb/Desktop/new_code/bookrank/.linux-venv/lib/python3.10/site-packages/urllib3/connectionpool.py", line 369, in _raise_timeout
    raise ReadTimeoutError(
urllib3.exceptions.ReadTimeoutError: HTTPSConnectionPool(host='search-bookrank-testing-6jgeuos7njdnqf5yzhbutmoea4.us-east-2.es.amazonaws.com', port=443): Read timed out. (read timeout=10)

During handling of the above exception, another exception occurred:

Traceback (most recent call last):
  File "/mnt/c/Users/ryanb/Desktop/new_code/bookrank/.linux-venv/lib/python3.10/site-packages/opensearchpy/connection/http_requests.py", line 199, in perform_request
    response = self.session.send(prepared_request, **send_kwargs)
  File "/mnt/c/Users/ryanb/Desktop/new_code/bookrank/.linux-venv/lib/python3.10/site-packages/requests/sessions.py", line 703, in send
    r = adapter.send(request, **kwargs)
  File "/mnt/c/Users/ryanb/Desktop/new_code/bookrank/.linux-venv/lib/python3.10/site-packages/requests/adapters.py", line 713, in send
    raise ReadTimeout(e, request=request)
requests.exceptions.ReadTimeout: HTTPSConnectionPool(host='search-bookrank-testing-6jgeuos7njdnqf5yzhbutmoea4.us-east-2.es.amazonaws.com', port=443): Read timed out. (read timeout=10)

During handling of the above exception, another exception occurred:

Traceback (most recent call last):
  File "/mnt/c/Users/ryanb/Desktop/new_code/bookrank/.linux-venv/lib/python3.10/site-packages/django/core/handlers/exception.py", line 55, in inner
    response = get_response(request)
  File "/mnt/c/Users/ryanb/Desktop/new_code/bookrank/.linux-venv/lib/python3.10/site-packages/django/core/handlers/base.py", line 197, in _get_response
    response = wrapped_callback(request, *callback_args, **callback_kwargs)
  File "/mnt/c/Users/ryanb/Desktop/new_code/bookrank/.linux-venv/lib/python3.10/site-packages/django/views/decorators/csrf.py", line 65, in _view_wrapper
    return view_func(request, *args, **kwargs)
  File "/mnt/c/Users/ryanb/Desktop/new_code/bookrank/.linux-venv/lib/python3.10/site-packages/django/views/generic/base.py", line 104, in view
    return self.dispatch(request, *args, **kwargs)
  File "/mnt/c/Users/ryanb/Desktop/new_code/bookrank/.linux-venv/lib/python3.10/site-packages/rest_framework/views.py", line 509, in dispatch
    response = self.handle_exception(exc)
  File "/mnt/c/Users/ryanb/Desktop/new_code/bookrank/.linux-venv/lib/python3.10/site-packages/rest_framework/views.py", line 469, in handle_exception
    self.raise_uncaught_exception(exc)
  File "/mnt/c/Users/ryanb/Desktop/new_code/bookrank/.linux-venv/lib/python3.10/site-packages/rest_framework/views.py", line 480, in raise_uncaught_exception
    raise exc
  File "/mnt/c/Users/ryanb/Desktop/new_code/bookrank/.linux-venv/lib/python3.10/site-packages/rest_framework/views.py", line 506, in dispatch
    response = handler(request, *args, **kwargs)
  File "/home/ryanbrown/projects/bookrank/app/djangoapp/djangoapp/views.py", line 226, in get
    searchbooklist = search(query)
  File "/home/ryanbrown/projects/bookrank/app/djangoapp/djangoapp/views.py", line 135, in search
    response = client.search(index=INDEX_NAME, body=search_query)
  File "/mnt/c/Users/ryanb/Desktop/new_code/bookrank/.linux-venv/lib/python3.10/site-packages/opensearchpy/client/utils.py", line 180, in _wrapped
    return func(*args, params=params, headers=headers, **kwargs)
  File "/mnt/c/Users/ryanb/Desktop/new_code/bookrank/.linux-venv/lib/python3.10/site-packages/opensearchpy/client/__init__.py", line 2359, in search
    return self.transport.perform_request(
  File "/mnt/c/Users/ryanb/Desktop/new_code/bookrank/.linux-venv/lib/python3.10/site-packages/opensearchpy/transport.py", line 455, in perform_request
    raise e
  File "/mnt/c/Users/ryanb/Desktop/new_code/bookrank/.linux-venv/lib/python3.10/site-packages/opensearchpy/transport.py", line 416, in perform_request
    status, headers_response, data = connection.perform_request(
  File "/mnt/c/Users/ryanb/Desktop/new_code/bookrank/.linux-venv/lib/python3.10/site-packages/opensearchpy/connection/http_requests.py", line 216, in perform_request
    raise ConnectionTimeout("TIMEOUT", str(e), e)
opensearchpy.exceptions.ConnectionTimeout: ConnectionTimeout caused by - ReadTimeout(HTTPSConnectionPool(host='search-bookrank-testing-6jgeuos7njdnqf5yzhbutmoea4.us-east-2.es.amazonaws.com', port=443): Read timed out. (read timeout=10))
ERROR 2024-08-10 16:18:41,837 log Internal Server Error: /api/compare-book/
Traceback (most recent call last):
  File "/mnt/c/Users/ryanb/Desktop/new_code/bookrank/.linux-venv/lib/python3.10/site-packages/django/core/handlers/exception.py", line 55, in inner
    response = get_response(request)
  File "/mnt/c/Users/ryanb/Desktop/new_code/bookrank/.linux-venv/lib/python3.10/site-packages/django/core/handlers/base.py", line 197, in _get_response
    response = wrapped_callback(request, *callback_args, **callback_kwargs)
  File "/mnt/c/Users/ryanb/Desktop/new_code/bookrank/.linux-venv/lib/python3.10/site-packages/django/views/decorators/csrf.py", line 65, in _view_wrapper
    return view_func(request, *args, **kwargs)
  File "/mnt/c/Users/ryanb/Desktop/new_code/bookrank/.linux-venv/lib/python3.10/site-packages/django/views/generic/base.py", line 104, in view
    return self.dispatch(request, *args, **kwargs)
  File "/mnt/c/Users/ryanb/Desktop/new_code/bookrank/.linux-venv/lib/python3.10/site-packages/rest_framework/views.py", line 509, in dispatch
    response = self.handle_exception(exc)
  File "/mnt/c/Users/ryanb/Desktop/new_code/bookrank/.linux-venv/lib/python3.10/site-packages/rest_framework/views.py", line 469, in handle_exception
    self.raise_uncaught_exception(exc)
  File "/mnt/c/Users/ryanb/Desktop/new_code/bookrank/.linux-venv/lib/python3.10/site-packages/rest_framework/views.py", line 480, in raise_uncaught_exception
    raise exc
  File "/mnt/c/Users/ryanb/Desktop/new_code/bookrank/.linux-venv/lib/python3.10/site-packages/rest_framework/views.py", line 506, in dispatch
    response = handler(request, *args, **kwargs)
  File "/home/ryanbrown/projects/bookrank/app/djangoapp/djangoapp/views.py", line 286, in get
    book_obj = UserBookRating.objects.get(work_id=work_id, user=user)
  File "/mnt/c/Users/ryanb/Desktop/new_code/bookrank/.linux-venv/lib/python3.10/site-packages/django/db/models/manager.py", line 87, in manager_method
    return getattr(self.get_queryset(), name)(*args, **kwargs)
  File "/mnt/c/Users/ryanb/Desktop/new_code/bookrank/.linux-venv/lib/python3.10/site-packages/django/db/models/query.py", line 649, in get
    raise self.model.DoesNotExist(
djangoapp.models.UserBookRating.DoesNotExist: UserBookRating matching query does not exist.
ERROR 2024-08-11 02:25:29,974 log Internal Server Error: /api/compare-book/
Traceback (most recent call last):
  File "/mnt/c/Users/ryanb/Desktop/new_code/bookrank/.linux-venv/lib/python3.10/site-packages/django/core/handlers/exception.py", line 55, in inner
    response = get_response(request)
  File "/mnt/c/Users/ryanb/Desktop/new_code/bookrank/.linux-venv/lib/python3.10/site-packages/django/core/handlers/base.py", line 197, in _get_response
    response = wrapped_callback(request, *callback_args, **callback_kwargs)
  File "/mnt/c/Users/ryanb/Desktop/new_code/bookrank/.linux-venv/lib/python3.10/site-packages/django/views/decorators/csrf.py", line 65, in _view_wrapper
    return view_func(request, *args, **kwargs)
  File "/mnt/c/Users/ryanb/Desktop/new_code/bookrank/.linux-venv/lib/python3.10/site-packages/django/views/generic/base.py", line 104, in view
    return self.dispatch(request, *args, **kwargs)
  File "/mnt/c/Users/ryanb/Desktop/new_code/bookrank/.linux-venv/lib/python3.10/site-packages/rest_framework/views.py", line 509, in dispatch
    response = self.handle_exception(exc)
  File "/mnt/c/Users/ryanb/Desktop/new_code/bookrank/.linux-venv/lib/python3.10/site-packages/rest_framework/views.py", line 469, in handle_exception
    self.raise_uncaught_exception(exc)
  File "/mnt/c/Users/ryanb/Desktop/new_code/bookrank/.linux-venv/lib/python3.10/site-packages/rest_framework/views.py", line 480, in raise_uncaught_exception
    raise exc
  File "/mnt/c/Users/ryanb/Desktop/new_code/bookrank/.linux-venv/lib/python3.10/site-packages/rest_framework/views.py", line 506, in dispatch
    response = handler(request, *args, **kwargs)
  File "/home/ryanbrown/projects/bookrank/app/djangoapp/djangoapp/views.py", line 286, in get
    book_obj = UserBookRating.objects.get(work_id=work_id, user=user)
  File "/mnt/c/Users/ryanb/Desktop/new_code/bookrank/.linux-venv/lib/python3.10/site-packages/django/db/models/manager.py", line 87, in manager_method
    return getattr(self.get_queryset(), name)(*args, **kwargs)
  File "/mnt/c/Users/ryanb/Desktop/new_code/bookrank/.linux-venv/lib/python3.10/site-packages/django/db/models/query.py", line 649, in get
    raise self.model.DoesNotExist(
djangoapp.models.UserBookRating.DoesNotExist: UserBookRating matching query does not exist.
ERROR 2024-08-11 02:26:01,380 log Internal Server Error: /api/compare-book/
Traceback (most recent call last):
  File "/mnt/c/Users/ryanb/Desktop/new_code/bookrank/.linux-venv/lib/python3.10/site-packages/django/core/handlers/exception.py", line 55, in inner
    response = get_response(request)
  File "/mnt/c/Users/ryanb/Desktop/new_code/bookrank/.linux-venv/lib/python3.10/site-packages/django/core/handlers/base.py", line 197, in _get_response
    response = wrapped_callback(request, *callback_args, **callback_kwargs)
  File "/mnt/c/Users/ryanb/Desktop/new_code/bookrank/.linux-venv/lib/python3.10/site-packages/django/views/decorators/csrf.py", line 65, in _view_wrapper
    return view_func(request, *args, **kwargs)
  File "/mnt/c/Users/ryanb/Desktop/new_code/bookrank/.linux-venv/lib/python3.10/site-packages/django/views/generic/base.py", line 104, in view
    return self.dispatch(request, *args, **kwargs)
  File "/mnt/c/Users/ryanb/Desktop/new_code/bookrank/.linux-venv/lib/python3.10/site-packages/rest_framework/views.py", line 509, in dispatch
    response = self.handle_exception(exc)
  File "/mnt/c/Users/ryanb/Desktop/new_code/bookrank/.linux-venv/lib/python3.10/site-packages/rest_framework/views.py", line 469, in handle_exception
    self.raise_uncaught_exception(exc)
  File "/mnt/c/Users/ryanb/Desktop/new_code/bookrank/.linux-venv/lib/python3.10/site-packages/rest_framework/views.py", line 480, in raise_uncaught_exception
    raise exc
  File "/mnt/c/Users/ryanb/Desktop/new_code/bookrank/.linux-venv/lib/python3.10/site-packages/rest_framework/views.py", line 506, in dispatch
    response = handler(request, *args, **kwargs)
  File "/home/ryanbrown/projects/bookrank/app/djangoapp/djangoapp/views.py", line 286, in get
    book_obj = UserBookRating.objects.get(work_id=work_id, user=user)
  File "/mnt/c/Users/ryanb/Desktop/new_code/bookrank/.linux-venv/lib/python3.10/site-packages/django/db/models/manager.py", line 87, in manager_method
    return getattr(self.get_queryset(), name)(*args, **kwargs)
  File "/mnt/c/Users/ryanb/Desktop/new_code/bookrank/.linux-venv/lib/python3.10/site-packages/django/db/models/query.py", line 649, in get
    raise self.model.DoesNotExist(
djangoapp.models.UserBookRating.DoesNotExist: UserBookRating matching query does not exist.
ERROR 2024-08-11 13:26:59,325 log Internal Server Error: /api/compare-book/
Traceback (most recent call last):
  File "/mnt/c/Users/ryanb/Desktop/new_code/bookrank/.linux-venv/lib/python3.10/site-packages/django/core/handlers/exception.py", line 55, in inner
    response = get_response(request)
  File "/mnt/c/Users/ryanb/Desktop/new_code/bookrank/.linux-venv/lib/python3.10/site-packages/django/core/handlers/base.py", line 197, in _get_response
    response = wrapped_callback(request, *callback_args, **callback_kwargs)
  File "/mnt/c/Users/ryanb/Desktop/new_code/bookrank/.linux-venv/lib/python3.10/site-packages/django/views/decorators/csrf.py", line 65, in _view_wrapper
    return view_func(request, *args, **kwargs)
  File "/mnt/c/Users/ryanb/Desktop/new_code/bookrank/.linux-venv/lib/python3.10/site-packages/django/views/generic/base.py", line 104, in view
    return self.dispatch(request, *args, **kwargs)
  File "/mnt/c/Users/ryanb/Desktop/new_code/bookrank/.linux-venv/lib/python3.10/site-packages/rest_framework/views.py", line 509, in dispatch
    response = self.handle_exception(exc)
  File "/mnt/c/Users/ryanb/Desktop/new_code/bookrank/.linux-venv/lib/python3.10/site-packages/rest_framework/views.py", line 469, in handle_exception
    self.raise_uncaught_exception(exc)
  File "/mnt/c/Users/ryanb/Desktop/new_code/bookrank/.linux-venv/lib/python3.10/site-packages/rest_framework/views.py", line 480, in raise_uncaught_exception
    raise exc
  File "/mnt/c/Users/ryanb/Desktop/new_code/bookrank/.linux-venv/lib/python3.10/site-packages/rest_framework/views.py", line 506, in dispatch
    response = handler(request, *args, **kwargs)
  File "/home/ryanbrown/projects/bookrank/app/djangoapp/djangoapp/views.py", line 289, in get
    book_obj = UserBookRating.objects.get(work_id=work_id, user=user)
  File "/mnt/c/Users/ryanb/Desktop/new_code/bookrank/.linux-venv/lib/python3.10/site-packages/django/db/models/manager.py", line 87, in manager_method
    return getattr(self.get_queryset(), name)(*args, **kwargs)
  File "/mnt/c/Users/ryanb/Desktop/new_code/bookrank/.linux-venv/lib/python3.10/site-packages/django/db/models/query.py", line 649, in get
    raise self.model.DoesNotExist(
djangoapp.models.UserBookRating.DoesNotExist: UserBookRating matching query does not exist.
ERROR 2024-08-11 13:49:31,766 log Internal Server Error: /api/add-finished-book/
Traceback (most recent call last):
  File "/mnt/c/Users/ryanb/Desktop/new_code/bookrank/.linux-venv/lib/python3.10/site-packages/django/core/handlers/exception.py", line 55, in inner
    response = get_response(request)
  File "/mnt/c/Users/ryanb/Desktop/new_code/bookrank/.linux-venv/lib/python3.10/site-packages/django/core/handlers/base.py", line 197, in _get_response
    response = wrapped_callback(request, *callback_args, **callback_kwargs)
  File "/mnt/c/Users/ryanb/Desktop/new_code/bookrank/.linux-venv/lib/python3.10/site-packages/django/views/decorators/csrf.py", line 65, in _view_wrapper
    return view_func(request, *args, **kwargs)
  File "/mnt/c/Users/ryanb/Desktop/new_code/bookrank/.linux-venv/lib/python3.10/site-packages/django/views/generic/base.py", line 104, in view
    return self.dispatch(request, *args, **kwargs)
  File "/mnt/c/Users/ryanb/Desktop/new_code/bookrank/.linux-venv/lib/python3.10/site-packages/rest_framework/views.py", line 509, in dispatch
    response = self.handle_exception(exc)
  File "/mnt/c/Users/ryanb/Desktop/new_code/bookrank/.linux-venv/lib/python3.10/site-packages/rest_framework/views.py", line 469, in handle_exception
    self.raise_uncaught_exception(exc)
  File "/mnt/c/Users/ryanb/Desktop/new_code/bookrank/.linux-venv/lib/python3.10/site-packages/rest_framework/views.py", line 480, in raise_uncaught_exception
    raise exc
  File "/mnt/c/Users/ryanb/Desktop/new_code/bookrank/.linux-venv/lib/python3.10/site-packages/rest_framework/views.py", line 506, in dispatch
    response = handler(request, *args, **kwargs)
  File "/home/ryanbrown/projects/bookrank/app/djangoapp/djangoapp/views.py", line 268, in patch
    user_book_rating = UserBookRating.objects.get(user=user, work_id=work_id)
  File "/mnt/c/Users/ryanb/Desktop/new_code/bookrank/.linux-venv/lib/python3.10/site-packages/django/db/models/manager.py", line 87, in manager_method
    return getattr(self.get_queryset(), name)(*args, **kwargs)
  File "/mnt/c/Users/ryanb/Desktop/new_code/bookrank/.linux-venv/lib/python3.10/site-packages/django/db/models/query.py", line 649, in get
    raise self.model.DoesNotExist(
djangoapp.models.UserBookRating.DoesNotExist: UserBookRating matching query does not exist.
ERROR 2024-08-11 13:53:52,833 log Internal Server Error: /api/to-be-read/
Traceback (most recent call last):
  File "/mnt/c/Users/ryanb/Desktop/new_code/bookrank/.linux-venv/lib/python3.10/site-packages/django/core/handlers/exception.py", line 55, in inner
    response = get_response(request)
  File "/mnt/c/Users/ryanb/Desktop/new_code/bookrank/.linux-venv/lib/python3.10/site-packages/django/core/handlers/base.py", line 197, in _get_response
    response = wrapped_callback(request, *callback_args, **callback_kwargs)
  File "/mnt/c/Users/ryanb/Desktop/new_code/bookrank/.linux-venv/lib/python3.10/site-packages/django/views/decorators/csrf.py", line 65, in _view_wrapper
    return view_func(request, *args, **kwargs)
  File "/mnt/c/Users/ryanb/Desktop/new_code/bookrank/.linux-venv/lib/python3.10/site-packages/django/views/generic/base.py", line 104, in view
    return self.dispatch(request, *args, **kwargs)
  File "/mnt/c/Users/ryanb/Desktop/new_code/bookrank/.linux-venv/lib/python3.10/site-packages/rest_framework/views.py", line 509, in dispatch
    response = self.handle_exception(exc)
  File "/mnt/c/Users/ryanb/Desktop/new_code/bookrank/.linux-venv/lib/python3.10/site-packages/rest_framework/views.py", line 469, in handle_exception
    self.raise_uncaught_exception(exc)
  File "/mnt/c/Users/ryanb/Desktop/new_code/bookrank/.linux-venv/lib/python3.10/site-packages/rest_framework/views.py", line 480, in raise_uncaught_exception
    raise exc
  File "/mnt/c/Users/ryanb/Desktop/new_code/bookrank/.linux-venv/lib/python3.10/site-packages/rest_framework/views.py", line 506, in dispatch
    response = handler(request, *args, **kwargs)
  File "/home/ryanbrown/projects/bookrank/app/djangoapp/djangoapp/views.py", line 564, in delete
    tbr_book = UserToBeRead.objects.get(
  File "/mnt/c/Users/ryanb/Desktop/new_code/bookrank/.linux-venv/lib/python3.10/site-packages/django/db/models/manager.py", line 87, in manager_method
    return getattr(self.get_queryset(), name)(*args, **kwargs)
  File "/mnt/c/Users/ryanb/Desktop/new_code/bookrank/.linux-venv/lib/python3.10/site-packages/django/db/models/query.py", line 649, in get
    raise self.model.DoesNotExist(
djangoapp.models.UserToBeRead.DoesNotExist: UserToBeRead matching query does not exist.
ERROR 2024-08-11 13:59:48,046 log Internal Server Error: /api/to-be-read/
Traceback (most recent call last):
  File "/mnt/c/Users/ryanb/Desktop/new_code/bookrank/.linux-venv/lib/python3.10/site-packages/django/core/handlers/exception.py", line 55, in inner
    response = get_response(request)
  File "/mnt/c/Users/ryanb/Desktop/new_code/bookrank/.linux-venv/lib/python3.10/site-packages/django/core/handlers/base.py", line 197, in _get_response
    response = wrapped_callback(request, *callback_args, **callback_kwargs)
  File "/mnt/c/Users/ryanb/Desktop/new_code/bookrank/.linux-venv/lib/python3.10/site-packages/django/views/decorators/csrf.py", line 65, in _view_wrapper
    return view_func(request, *args, **kwargs)
  File "/mnt/c/Users/ryanb/Desktop/new_code/bookrank/.linux-venv/lib/python3.10/site-packages/django/views/generic/base.py", line 104, in view
    return self.dispatch(request, *args, **kwargs)
  File "/mnt/c/Users/ryanb/Desktop/new_code/bookrank/.linux-venv/lib/python3.10/site-packages/rest_framework/views.py", line 509, in dispatch
    response = self.handle_exception(exc)
  File "/mnt/c/Users/ryanb/Desktop/new_code/bookrank/.linux-venv/lib/python3.10/site-packages/rest_framework/views.py", line 469, in handle_exception
    self.raise_uncaught_exception(exc)
  File "/mnt/c/Users/ryanb/Desktop/new_code/bookrank/.linux-venv/lib/python3.10/site-packages/rest_framework/views.py", line 480, in raise_uncaught_exception
    raise exc
  File "/mnt/c/Users/ryanb/Desktop/new_code/bookrank/.linux-venv/lib/python3.10/site-packages/rest_framework/views.py", line 506, in dispatch
    response = handler(request, *args, **kwargs)
  File "/home/ryanbrown/projects/bookrank/app/djangoapp/djangoapp/views.py", line 564, in delete
    tbr_book = UserToBeRead.objects.get(
  File "/mnt/c/Users/ryanb/Desktop/new_code/bookrank/.linux-venv/lib/python3.10/site-packages/django/db/models/manager.py", line 87, in manager_method
    return getattr(self.get_queryset(), name)(*args, **kwargs)
  File "/mnt/c/Users/ryanb/Desktop/new_code/bookrank/.linux-venv/lib/python3.10/site-packages/django/db/models/query.py", line 649, in get
    raise self.model.DoesNotExist(
djangoapp.models.UserToBeRead.DoesNotExist: UserToBeRead matching query does not exist.
ERROR 2024-08-11 14:03:49,416 log Internal Server Error: /api/to-be-read/
Traceback (most recent call last):
  File "/mnt/c/Users/ryanb/Desktop/new_code/bookrank/.linux-venv/lib/python3.10/site-packages/django/core/handlers/exception.py", line 55, in inner
    response = get_response(request)
  File "/mnt/c/Users/ryanb/Desktop/new_code/bookrank/.linux-venv/lib/python3.10/site-packages/django/core/handlers/base.py", line 197, in _get_response
    response = wrapped_callback(request, *callback_args, **callback_kwargs)
  File "/mnt/c/Users/ryanb/Desktop/new_code/bookrank/.linux-venv/lib/python3.10/site-packages/django/views/decorators/csrf.py", line 65, in _view_wrapper
    return view_func(request, *args, **kwargs)
  File "/mnt/c/Users/ryanb/Desktop/new_code/bookrank/.linux-venv/lib/python3.10/site-packages/django/views/generic/base.py", line 104, in view
    return self.dispatch(request, *args, **kwargs)
  File "/mnt/c/Users/ryanb/Desktop/new_code/bookrank/.linux-venv/lib/python3.10/site-packages/rest_framework/views.py", line 509, in dispatch
    response = self.handle_exception(exc)
  File "/mnt/c/Users/ryanb/Desktop/new_code/bookrank/.linux-venv/lib/python3.10/site-packages/rest_framework/views.py", line 469, in handle_exception
    self.raise_uncaught_exception(exc)
  File "/mnt/c/Users/ryanb/Desktop/new_code/bookrank/.linux-venv/lib/python3.10/site-packages/rest_framework/views.py", line 480, in raise_uncaught_exception
    raise exc
  File "/mnt/c/Users/ryanb/Desktop/new_code/bookrank/.linux-venv/lib/python3.10/site-packages/rest_framework/views.py", line 506, in dispatch
    response = handler(request, *args, **kwargs)
  File "/home/ryanbrown/projects/bookrank/app/djangoapp/djangoapp/views.py", line 564, in delete
    tbr_book = UserToBeRead.objects.get(
  File "/mnt/c/Users/ryanb/Desktop/new_code/bookrank/.linux-venv/lib/python3.10/site-packages/django/db/models/manager.py", line 87, in manager_method
    return getattr(self.get_queryset(), name)(*args, **kwargs)
  File "/mnt/c/Users/ryanb/Desktop/new_code/bookrank/.linux-venv/lib/python3.10/site-packages/django/db/models/query.py", line 649, in get
    raise self.model.DoesNotExist(
djangoapp.models.UserToBeRead.DoesNotExist: UserToBeRead matching query does not exist.
ERROR 2024-08-11 14:05:41,925 log Internal Server Error: /api/to-be-read/
Traceback (most recent call last):
  File "/mnt/c/Users/ryanb/Desktop/new_code/bookrank/.linux-venv/lib/python3.10/site-packages/django/core/handlers/exception.py", line 55, in inner
    response = get_response(request)
  File "/mnt/c/Users/ryanb/Desktop/new_code/bookrank/.linux-venv/lib/python3.10/site-packages/django/core/handlers/base.py", line 197, in _get_response
    response = wrapped_callback(request, *callback_args, **callback_kwargs)
  File "/mnt/c/Users/ryanb/Desktop/new_code/bookrank/.linux-venv/lib/python3.10/site-packages/django/views/decorators/csrf.py", line 65, in _view_wrapper
    return view_func(request, *args, **kwargs)
  File "/mnt/c/Users/ryanb/Desktop/new_code/bookrank/.linux-venv/lib/python3.10/site-packages/django/views/generic/base.py", line 104, in view
    return self.dispatch(request, *args, **kwargs)
  File "/mnt/c/Users/ryanb/Desktop/new_code/bookrank/.linux-venv/lib/python3.10/site-packages/rest_framework/views.py", line 509, in dispatch
    response = self.handle_exception(exc)
  File "/mnt/c/Users/ryanb/Desktop/new_code/bookrank/.linux-venv/lib/python3.10/site-packages/rest_framework/views.py", line 469, in handle_exception
    self.raise_uncaught_exception(exc)
  File "/mnt/c/Users/ryanb/Desktop/new_code/bookrank/.linux-venv/lib/python3.10/site-packages/rest_framework/views.py", line 480, in raise_uncaught_exception
    raise exc
  File "/mnt/c/Users/ryanb/Desktop/new_code/bookrank/.linux-venv/lib/python3.10/site-packages/rest_framework/views.py", line 506, in dispatch
    response = handler(request, *args, **kwargs)
  File "/home/ryanbrown/projects/bookrank/app/djangoapp/djangoapp/views.py", line 564, in delete
    tbr_book = UserToBeRead.objects.get(
  File "/mnt/c/Users/ryanb/Desktop/new_code/bookrank/.linux-venv/lib/python3.10/site-packages/django/db/models/manager.py", line 87, in manager_method
    return getattr(self.get_queryset(), name)(*args, **kwargs)
  File "/mnt/c/Users/ryanb/Desktop/new_code/bookrank/.linux-venv/lib/python3.10/site-packages/django/db/models/query.py", line 649, in get
    raise self.model.DoesNotExist(
djangoapp.models.UserToBeRead.DoesNotExist: UserToBeRead matching query does not exist.
ERROR 2024-08-11 14:06:47,141 log Internal Server Error: /api/to-be-read/
Traceback (most recent call last):
  File "/mnt/c/Users/ryanb/Desktop/new_code/bookrank/.linux-venv/lib/python3.10/site-packages/django/core/handlers/exception.py", line 55, in inner
    response = get_response(request)
  File "/mnt/c/Users/ryanb/Desktop/new_code/bookrank/.linux-venv/lib/python3.10/site-packages/django/core/handlers/base.py", line 197, in _get_response
    response = wrapped_callback(request, *callback_args, **callback_kwargs)
  File "/mnt/c/Users/ryanb/Desktop/new_code/bookrank/.linux-venv/lib/python3.10/site-packages/django/views/decorators/csrf.py", line 65, in _view_wrapper
    return view_func(request, *args, **kwargs)
  File "/mnt/c/Users/ryanb/Desktop/new_code/bookrank/.linux-venv/lib/python3.10/site-packages/django/views/generic/base.py", line 104, in view
    return self.dispatch(request, *args, **kwargs)
  File "/mnt/c/Users/ryanb/Desktop/new_code/bookrank/.linux-venv/lib/python3.10/site-packages/rest_framework/views.py", line 509, in dispatch
    response = self.handle_exception(exc)
  File "/mnt/c/Users/ryanb/Desktop/new_code/bookrank/.linux-venv/lib/python3.10/site-packages/rest_framework/views.py", line 469, in handle_exception
    self.raise_uncaught_exception(exc)
  File "/mnt/c/Users/ryanb/Desktop/new_code/bookrank/.linux-venv/lib/python3.10/site-packages/rest_framework/views.py", line 480, in raise_uncaught_exception
    raise exc
  File "/mnt/c/Users/ryanb/Desktop/new_code/bookrank/.linux-venv/lib/python3.10/site-packages/rest_framework/views.py", line 506, in dispatch
    response = handler(request, *args, **kwargs)
  File "/home/ryanbrown/projects/bookrank/app/djangoapp/djangoapp/views.py", line 564, in delete
    tbr_book = UserToBeRead.objects.get(
  File "/mnt/c/Users/ryanb/Desktop/new_code/bookrank/.linux-venv/lib/python3.10/site-packages/django/db/models/manager.py", line 87, in manager_method
    return getattr(self.get_queryset(), name)(*args, **kwargs)
  File "/mnt/c/Users/ryanb/Desktop/new_code/bookrank/.linux-venv/lib/python3.10/site-packages/django/db/models/query.py", line 649, in get
    raise self.model.DoesNotExist(
djangoapp.models.UserToBeRead.DoesNotExist: UserToBeRead matching query does not exist.
ERROR 2024-08-11 14:39:45,669 log Internal Server Error: /api/to-be-read/
Traceback (most recent call last):
  File "/mnt/c/Users/ryanb/Desktop/new_code/bookrank/.linux-venv/lib/python3.10/site-packages/django/core/handlers/exception.py", line 55, in inner
    response = get_response(request)
  File "/mnt/c/Users/ryanb/Desktop/new_code/bookrank/.linux-venv/lib/python3.10/site-packages/django/core/handlers/base.py", line 197, in _get_response
    response = wrapped_callback(request, *callback_args, **callback_kwargs)
  File "/mnt/c/Users/ryanb/Desktop/new_code/bookrank/.linux-venv/lib/python3.10/site-packages/django/views/decorators/csrf.py", line 65, in _view_wrapper
    return view_func(request, *args, **kwargs)
  File "/mnt/c/Users/ryanb/Desktop/new_code/bookrank/.linux-venv/lib/python3.10/site-packages/django/views/generic/base.py", line 104, in view
    return self.dispatch(request, *args, **kwargs)
  File "/mnt/c/Users/ryanb/Desktop/new_code/bookrank/.linux-venv/lib/python3.10/site-packages/rest_framework/views.py", line 509, in dispatch
    response = self.handle_exception(exc)
  File "/mnt/c/Users/ryanb/Desktop/new_code/bookrank/.linux-venv/lib/python3.10/site-packages/rest_framework/views.py", line 469, in handle_exception
    self.raise_uncaught_exception(exc)
  File "/mnt/c/Users/ryanb/Desktop/new_code/bookrank/.linux-venv/lib/python3.10/site-packages/rest_framework/views.py", line 480, in raise_uncaught_exception
    raise exc
  File "/mnt/c/Users/ryanb/Desktop/new_code/bookrank/.linux-venv/lib/python3.10/site-packages/rest_framework/views.py", line 506, in dispatch
    response = handler(request, *args, **kwargs)
  File "/home/ryanbrown/projects/bookrank/app/djangoapp/djangoapp/views.py", line 573, in delete
    tbr_book = UserToBeRead.objects.get(
  File "/mnt/c/Users/ryanb/Desktop/new_code/bookrank/.linux-venv/lib/python3.10/site-packages/django/db/models/manager.py", line 87, in manager_method
    return getattr(self.get_queryset(), name)(*args, **kwargs)
  File "/mnt/c/Users/ryanb/Desktop/new_code/bookrank/.linux-venv/lib/python3.10/site-packages/django/db/models/query.py", line 649, in get
    raise self.model.DoesNotExist(
djangoapp.models.UserToBeRead.DoesNotExist: UserToBeRead matching query does not exist.
ERROR 2024-08-11 16:34:50,801 log Internal Server Error: /api/add-finished-book/
Traceback (most recent call last):
  File "/mnt/c/Users/ryanb/Desktop/new_code/bookrank/.linux-venv/lib/python3.10/site-packages/django/core/handlers/exception.py", line 55, in inner
    response = get_response(request)
  File "/mnt/c/Users/ryanb/Desktop/new_code/bookrank/.linux-venv/lib/python3.10/site-packages/django/core/handlers/base.py", line 197, in _get_response
    response = wrapped_callback(request, *callback_args, **callback_kwargs)
  File "/mnt/c/Users/ryanb/Desktop/new_code/bookrank/.linux-venv/lib/python3.10/site-packages/django/views/decorators/csrf.py", line 65, in _view_wrapper
    return view_func(request, *args, **kwargs)
  File "/mnt/c/Users/ryanb/Desktop/new_code/bookrank/.linux-venv/lib/python3.10/site-packages/django/views/generic/base.py", line 104, in view
    return self.dispatch(request, *args, **kwargs)
  File "/mnt/c/Users/ryanb/Desktop/new_code/bookrank/.linux-venv/lib/python3.10/site-packages/rest_framework/views.py", line 509, in dispatch
    response = self.handle_exception(exc)
  File "/mnt/c/Users/ryanb/Desktop/new_code/bookrank/.linux-venv/lib/python3.10/site-packages/rest_framework/views.py", line 469, in handle_exception
    self.raise_uncaught_exception(exc)
  File "/mnt/c/Users/ryanb/Desktop/new_code/bookrank/.linux-venv/lib/python3.10/site-packages/rest_framework/views.py", line 480, in raise_uncaught_exception
    raise exc
  File "/mnt/c/Users/ryanb/Desktop/new_code/bookrank/.linux-venv/lib/python3.10/site-packages/rest_framework/views.py", line 506, in dispatch
    response = handler(request, *args, **kwargs)
  File "/home/ryanbrown/projects/bookrank/app/djangoapp/djangoapp/views.py", line 245, in post
    pinecone_book = index.fetch(ids=[work_id])['vectors'][work_id]['metadata']
KeyError: '127769'
ERROR 2024-08-11 23:57:20,011 log Internal Server Error: /api/to-be-read/
Traceback (most recent call last):
  File "/mnt/c/Users/ryanb/Desktop/new_code/bookrank/.linux-venv/lib/python3.10/site-packages/django/db/backends/utils.py", line 105, in _execute
    return self.cursor.execute(sql, params)
  File "/mnt/c/Users/ryanb/Desktop/new_code/bookrank/.linux-venv/lib/python3.10/site-packages/django/db/backends/sqlite3/base.py", line 329, in execute
    return super().execute(query, params)
sqlite3.IntegrityError: NOT NULL constraint failed: djangoapp_usertoberead.image_url

The above exception was the direct cause of the following exception:

Traceback (most recent call last):
  File "/mnt/c/Users/ryanb/Desktop/new_code/bookrank/.linux-venv/lib/python3.10/site-packages/django/core/handlers/exception.py", line 55, in inner
    response = get_response(request)
  File "/mnt/c/Users/ryanb/Desktop/new_code/bookrank/.linux-venv/lib/python3.10/site-packages/django/core/handlers/base.py", line 197, in _get_response
    response = wrapped_callback(request, *callback_args, **callback_kwargs)
  File "/mnt/c/Users/ryanb/Desktop/new_code/bookrank/.linux-venv/lib/python3.10/site-packages/django/views/decorators/csrf.py", line 65, in _view_wrapper
    return view_func(request, *args, **kwargs)
  File "/mnt/c/Users/ryanb/Desktop/new_code/bookrank/.linux-venv/lib/python3.10/site-packages/django/views/generic/base.py", line 104, in view
    return self.dispatch(request, *args, **kwargs)
  File "/mnt/c/Users/ryanb/Desktop/new_code/bookrank/.linux-venv/lib/python3.10/site-packages/rest_framework/views.py", line 509, in dispatch
    response = self.handle_exception(exc)
  File "/mnt/c/Users/ryanb/Desktop/new_code/bookrank/.linux-venv/lib/python3.10/site-packages/rest_framework/views.py", line 469, in handle_exception
    self.raise_uncaught_exception(exc)
  File "/mnt/c/Users/ryanb/Desktop/new_code/bookrank/.linux-venv/lib/python3.10/site-packages/rest_framework/views.py", line 480, in raise_uncaught_exception
    raise exc
  File "/mnt/c/Users/ryanb/Desktop/new_code/bookrank/.linux-venv/lib/python3.10/site-packages/rest_framework/views.py", line 506, in dispatch
    response = handler(request, *args, **kwargs)
  File "/home/ryanbrown/projects/bookrank/app/djangoapp/djangoapp/views.py", line 556, in post
    var = UserToBeRead.objects.create(
  File "/mnt/c/Users/ryanb/Desktop/new_code/bookrank/.linux-venv/lib/python3.10/site-packages/django/db/models/manager.py", line 87, in manager_method
    return getattr(self.get_queryset(), name)(*args, **kwargs)
  File "/mnt/c/Users/ryanb/Desktop/new_code/bookrank/.linux-venv/lib/python3.10/site-packages/django/db/models/query.py", line 679, in create
    obj.save(force_insert=True, using=self.db)
  File "/mnt/c/Users/ryanb/Desktop/new_code/bookrank/.linux-venv/lib/python3.10/site-packages/django/db/models/base.py", line 822, in save
    self.save_base(
  File "/mnt/c/Users/ryanb/Desktop/new_code/bookrank/.linux-venv/lib/python3.10/site-packages/django/db/models/base.py", line 909, in save_base
    updated = self._save_table(
  File "/mnt/c/Users/ryanb/Desktop/new_code/bookrank/.linux-venv/lib/python3.10/site-packages/django/db/models/base.py", line 1071, in _save_table
    results = self._do_insert(
  File "/mnt/c/Users/ryanb/Desktop/new_code/bookrank/.linux-venv/lib/python3.10/site-packages/django/db/models/base.py", line 1112, in _do_insert
    return manager._insert(
  File "/mnt/c/Users/ryanb/Desktop/new_code/bookrank/.linux-venv/lib/python3.10/site-packages/django/db/models/manager.py", line 87, in manager_method
    return getattr(self.get_queryset(), name)(*args, **kwargs)
  File "/mnt/c/Users/ryanb/Desktop/new_code/bookrank/.linux-venv/lib/python3.10/site-packages/django/db/models/query.py", line 1847, in _insert
    return query.get_compiler(using=using).execute_sql(returning_fields)
  File "/mnt/c/Users/ryanb/Desktop/new_code/bookrank/.linux-venv/lib/python3.10/site-packages/django/db/models/sql/compiler.py", line 1823, in execute_sql
    cursor.execute(sql, params)
  File "/mnt/c/Users/ryanb/Desktop/new_code/bookrank/.linux-venv/lib/python3.10/site-packages/django/db/backends/utils.py", line 122, in execute
    return super().execute(sql, params)
  File "/mnt/c/Users/ryanb/Desktop/new_code/bookrank/.linux-venv/lib/python3.10/site-packages/django/db/backends/utils.py", line 79, in execute
    return self._execute_with_wrappers(
  File "/mnt/c/Users/ryanb/Desktop/new_code/bookrank/.linux-venv/lib/python3.10/site-packages/django/db/backends/utils.py", line 92, in _execute_with_wrappers
    return executor(sql, params, many, context)
  File "/mnt/c/Users/ryanb/Desktop/new_code/bookrank/.linux-venv/lib/python3.10/site-packages/django/db/backends/utils.py", line 100, in _execute
    with self.db.wrap_database_errors:
  File "/mnt/c/Users/ryanb/Desktop/new_code/bookrank/.linux-venv/lib/python3.10/site-packages/django/db/utils.py", line 91, in __exit__
    raise dj_exc_value.with_traceback(traceback) from exc_value
  File "/mnt/c/Users/ryanb/Desktop/new_code/bookrank/.linux-venv/lib/python3.10/site-packages/django/db/backends/utils.py", line 105, in _execute
    return self.cursor.execute(sql, params)
  File "/mnt/c/Users/ryanb/Desktop/new_code/bookrank/.linux-venv/lib/python3.10/site-packages/django/db/backends/sqlite3/base.py", line 329, in execute
    return super().execute(query, params)
django.db.utils.IntegrityError: NOT NULL constraint failed: djangoapp_usertoberead.image_url
ERROR 2024-11-21 21:40:34,050 log Internal Server Error: /api/search/
Traceback (most recent call last):
  File "/mnt/c/Users/ryanb/Desktop/new_code/bookrank/.linux-venv/lib/python3.10/site-packages/urllib3/connectionpool.py", line 536, in _make_request
    response = conn.getresponse()
  File "/mnt/c/Users/ryanb/Desktop/new_code/bookrank/.linux-venv/lib/python3.10/site-packages/urllib3/connection.py", line 464, in getresponse
    httplib_response = super().getresponse()
  File "/usr/lib/python3.10/http/client.py", line 1375, in getresponse
    response.begin()
  File "/usr/lib/python3.10/http/client.py", line 318, in begin
    version, status, reason = self._read_status()
  File "/usr/lib/python3.10/http/client.py", line 279, in _read_status
    line = str(self.fp.readline(_MAXLINE + 1), "iso-8859-1")
  File "/usr/lib/python3.10/socket.py", line 705, in readinto
    return self._sock.recv_into(b)
  File "/usr/lib/python3.10/ssl.py", line 1303, in recv_into
    return self.read(nbytes, buffer)
  File "/usr/lib/python3.10/ssl.py", line 1159, in read
    return self._sslobj.read(len, buffer)
TimeoutError: The read operation timed out

The above exception was the direct cause of the following exception:

Traceback (most recent call last):
  File "/mnt/c/Users/ryanb/Desktop/new_code/bookrank/.linux-venv/lib/python3.10/site-packages/requests/adapters.py", line 667, in send
    resp = conn.urlopen(
  File "/mnt/c/Users/ryanb/Desktop/new_code/bookrank/.linux-venv/lib/python3.10/site-packages/urllib3/connectionpool.py", line 843, in urlopen
    retries = retries.increment(
  File "/mnt/c/Users/ryanb/Desktop/new_code/bookrank/.linux-venv/lib/python3.10/site-packages/urllib3/util/retry.py", line 474, in increment
    raise reraise(type(error), error, _stacktrace)
  File "/mnt/c/Users/ryanb/Desktop/new_code/bookrank/.linux-venv/lib/python3.10/site-packages/urllib3/util/util.py", line 39, in reraise
    raise value
  File "/mnt/c/Users/ryanb/Desktop/new_code/bookrank/.linux-venv/lib/python3.10/site-packages/urllib3/connectionpool.py", line 789, in urlopen
    response = self._make_request(
  File "/mnt/c/Users/ryanb/Desktop/new_code/bookrank/.linux-venv/lib/python3.10/site-packages/urllib3/connectionpool.py", line 538, in _make_request
    self._raise_timeout(err=e, url=url, timeout_value=read_timeout)
  File "/mnt/c/Users/ryanb/Desktop/new_code/bookrank/.linux-venv/lib/python3.10/site-packages/urllib3/connectionpool.py", line 369, in _raise_timeout
    raise ReadTimeoutError(
urllib3.exceptions.ReadTimeoutError: HTTPSConnectionPool(host='search-bookrank-testing-6jgeuos7njdnqf5yzhbutmoea4.us-east-2.es.amazonaws.com', port=443): Read timed out. (read timeout=10)

During handling of the above exception, another exception occurred:

Traceback (most recent call last):
  File "/mnt/c/Users/ryanb/Desktop/new_code/bookrank/.linux-venv/lib/python3.10/site-packages/opensearchpy/connection/http_requests.py", line 199, in perform_request
    response = self.session.send(prepared_request, **send_kwargs)
  File "/mnt/c/Users/ryanb/Desktop/new_code/bookrank/.linux-venv/lib/python3.10/site-packages/requests/sessions.py", line 703, in send
    r = adapter.send(request, **kwargs)
  File "/mnt/c/Users/ryanb/Desktop/new_code/bookrank/.linux-venv/lib/python3.10/site-packages/requests/adapters.py", line 713, in send
    raise ReadTimeout(e, request=request)
requests.exceptions.ReadTimeout: HTTPSConnectionPool(host='search-bookrank-testing-6jgeuos7njdnqf5yzhbutmoea4.us-east-2.es.amazonaws.com', port=443): Read timed out. (read timeout=10)

During handling of the above exception, another exception occurred:

Traceback (most recent call last):
  File "/mnt/c/Users/ryanb/Desktop/new_code/bookrank/.linux-venv/lib/python3.10/site-packages/django/core/handlers/exception.py", line 55, in inner
    response = get_response(request)
  File "/mnt/c/Users/ryanb/Desktop/new_code/bookrank/.linux-venv/lib/python3.10/site-packages/django/core/handlers/base.py", line 197, in _get_response
    response = wrapped_callback(request, *callback_args, **callback_kwargs)
  File "/mnt/c/Users/ryanb/Desktop/new_code/bookrank/.linux-venv/lib/python3.10/site-packages/django/views/decorators/csrf.py", line 65, in _view_wrapper
    return view_func(request, *args, **kwargs)
  File "/mnt/c/Users/ryanb/Desktop/new_code/bookrank/.linux-venv/lib/python3.10/site-packages/django/views/generic/base.py", line 104, in view
    return self.dispatch(request, *args, **kwargs)
  File "/mnt/c/Users/ryanb/Desktop/new_code/bookrank/.linux-venv/lib/python3.10/site-packages/rest_framework/views.py", line 509, in dispatch
    response = self.handle_exception(exc)
  File "/mnt/c/Users/ryanb/Desktop/new_code/bookrank/.linux-venv/lib/python3.10/site-packages/rest_framework/views.py", line 469, in handle_exception
    self.raise_uncaught_exception(exc)
  File "/mnt/c/Users/ryanb/Desktop/new_code/bookrank/.linux-venv/lib/python3.10/site-packages/rest_framework/views.py", line 480, in raise_uncaught_exception
    raise exc
  File "/mnt/c/Users/ryanb/Desktop/new_code/bookrank/.linux-venv/lib/python3.10/site-packages/rest_framework/views.py", line 506, in dispatch
    response = handler(request, *args, **kwargs)
  File "/home/ryanbrown/projects/bookrank/app/djangoapp/djangoapp/views.py", line 267, in get
    searchbooklist = search(query)
  File "/home/ryanbrown/projects/bookrank/app/djangoapp/djangoapp/views.py", line 145, in search
    response = client.search(index=INDEX_NAME, body=search_query)
  File "/mnt/c/Users/ryanb/Desktop/new_code/bookrank/.linux-venv/lib/python3.10/site-packages/opensearchpy/client/utils.py", line 180, in _wrapped
    return func(*args, params=params, headers=headers, **kwargs)
  File "/mnt/c/Users/ryanb/Desktop/new_code/bookrank/.linux-venv/lib/python3.10/site-packages/opensearchpy/client/__init__.py", line 2359, in search
    return self.transport.perform_request(
  File "/mnt/c/Users/ryanb/Desktop/new_code/bookrank/.linux-venv/lib/python3.10/site-packages/opensearchpy/transport.py", line 455, in perform_request
    raise e
  File "/mnt/c/Users/ryanb/Desktop/new_code/bookrank/.linux-venv/lib/python3.10/site-packages/opensearchpy/transport.py", line 416, in perform_request
    status, headers_response, data = connection.perform_request(
  File "/mnt/c/Users/ryanb/Desktop/new_code/bookrank/.linux-venv/lib/python3.10/site-packages/opensearchpy/connection/http_requests.py", line 216, in perform_request
    raise ConnectionTimeout("TIMEOUT", str(e), e)
opensearchpy.exceptions.ConnectionTimeout: ConnectionTimeout caused by - ReadTimeout(HTTPSConnectionPool(host='search-bookrank-testing-6jgeuos7njdnqf5yzhbutmoea4.us-east-2.es.amazonaws.com', port=443): Read timed out. (read timeout=10))
ERROR 2024-11-21 21:41:11,679 log Internal Server Error: /api/add-finished-book/
Traceback (most recent call last):
  File "/mnt/c/Users/ryanb/Desktop/new_code/bookrank/.linux-venv/lib/python3.10/site-packages/django/core/handlers/exception.py", line 55, in inner
    response = get_response(request)
  File "/mnt/c/Users/ryanb/Desktop/new_code/bookrank/.linux-venv/lib/python3.10/site-packages/django/core/handlers/base.py", line 197, in _get_response
    response = wrapped_callback(request, *callback_args, **callback_kwargs)
  File "/mnt/c/Users/ryanb/Desktop/new_code/bookrank/.linux-venv/lib/python3.10/site-packages/django/views/decorators/csrf.py", line 65, in _view_wrapper
    return view_func(request, *args, **kwargs)
  File "/mnt/c/Users/ryanb/Desktop/new_code/bookrank/.linux-venv/lib/python3.10/site-packages/django/views/generic/base.py", line 104, in view
    return self.dispatch(request, *args, **kwargs)
  File "/mnt/c/Users/ryanb/Desktop/new_code/bookrank/.linux-venv/lib/python3.10/site-packages/rest_framework/views.py", line 509, in dispatch
    response = self.handle_exception(exc)
  File "/mnt/c/Users/ryanb/Desktop/new_code/bookrank/.linux-venv/lib/python3.10/site-packages/rest_framework/views.py", line 469, in handle_exception
    self.raise_uncaught_exception(exc)
  File "/mnt/c/Users/ryanb/Desktop/new_code/bookrank/.linux-venv/lib/python3.10/site-packages/rest_framework/views.py", line 480, in raise_uncaught_exception
    raise exc
  File "/mnt/c/Users/ryanb/Desktop/new_code/bookrank/.linux-venv/lib/python3.10/site-packages/rest_framework/views.py", line 506, in dispatch
    response = handler(request, *args, **kwargs)
  File "/home/ryanbrown/projects/bookrank/app/djangoapp/djangoapp/views.py", line 290, in post
    pinecone_book = index.fetch(ids=[work_id])['vectors'][work_id]['metadata']
KeyError: '21923243'
ERROR 2024-11-21 21:41:46,293 log Internal Server Error: /api/compare-book/
Traceback (most recent call last):
  File "/mnt/c/Users/ryanb/Desktop/new_code/bookrank/.linux-venv/lib/python3.10/site-packages/django/core/handlers/exception.py", line 55, in inner
    response = get_response(request)
  File "/mnt/c/Users/ryanb/Desktop/new_code/bookrank/.linux-venv/lib/python3.10/site-packages/django/core/handlers/base.py", line 197, in _get_response
    response = wrapped_callback(request, *callback_args, **callback_kwargs)
  File "/mnt/c/Users/ryanb/Desktop/new_code/bookrank/.linux-venv/lib/python3.10/site-packages/django/views/decorators/csrf.py", line 65, in _view_wrapper
    return view_func(request, *args, **kwargs)
  File "/mnt/c/Users/ryanb/Desktop/new_code/bookrank/.linux-venv/lib/python3.10/site-packages/django/views/generic/base.py", line 104, in view
    return self.dispatch(request, *args, **kwargs)
  File "/mnt/c/Users/ryanb/Desktop/new_code/bookrank/.linux-venv/lib/python3.10/site-packages/rest_framework/views.py", line 509, in dispatch
    response = self.handle_exception(exc)
  File "/mnt/c/Users/ryanb/Desktop/new_code/bookrank/.linux-venv/lib/python3.10/site-packages/rest_framework/views.py", line 469, in handle_exception
    self.raise_uncaught_exception(exc)
  File "/mnt/c/Users/ryanb/Desktop/new_code/bookrank/.linux-venv/lib/python3.10/site-packages/rest_framework/views.py", line 480, in raise_uncaught_exception
    raise exc
  File "/mnt/c/Users/ryanb/Desktop/new_code/bookrank/.linux-venv/lib/python3.10/site-packages/rest_framework/views.py", line 506, in dispatch
    response = handler(request, *args, **kwargs)
  File "/home/ryanbrown/projects/bookrank/app/djangoapp/djangoapp/views.py", line 454, in post
    other_book_obj = UserBookRating.objects.get(work_id=other_work_id, user=user)
  File "/mnt/c/Users/ryanb/Desktop/new_code/bookrank/.linux-venv/lib/python3.10/site-packages/django/db/models/manager.py", line 87, in manager_method
    return getattr(self.get_queryset(), name)(*args, **kwargs)
  File "/mnt/c/Users/ryanb/Desktop/new_code/bookrank/.linux-venv/lib/python3.10/site-packages/django/db/models/query.py", line 649, in get
    raise self.model.DoesNotExist(
djangoapp.models.UserBookRating.DoesNotExist: UserBookRating matching query does not exist.
ERROR 2024-11-22 22:38:16,421 log Internal Server Error: /api/search/
Traceback (most recent call last):
  File "/mnt/c/Users/ryanb/Desktop/new_code/bookrank/.linux-venv/lib/python3.10/site-packages/urllib3/connectionpool.py", line 536, in _make_request
    response = conn.getresponse()
  File "/mnt/c/Users/ryanb/Desktop/new_code/bookrank/.linux-venv/lib/python3.10/site-packages/urllib3/connection.py", line 464, in getresponse
    httplib_response = super().getresponse()
  File "/usr/lib/python3.10/http/client.py", line 1375, in getresponse
    response.begin()
  File "/usr/lib/python3.10/http/client.py", line 318, in begin
    version, status, reason = self._read_status()
  File "/usr/lib/python3.10/http/client.py", line 279, in _read_status
    line = str(self.fp.readline(_MAXLINE + 1), "iso-8859-1")
  File "/usr/lib/python3.10/socket.py", line 705, in readinto
    return self._sock.recv_into(b)
  File "/usr/lib/python3.10/ssl.py", line 1303, in recv_into
    return self.read(nbytes, buffer)
  File "/usr/lib/python3.10/ssl.py", line 1159, in read
    return self._sslobj.read(len, buffer)
TimeoutError: The read operation timed out

The above exception was the direct cause of the following exception:

Traceback (most recent call last):
  File "/mnt/c/Users/ryanb/Desktop/new_code/bookrank/.linux-venv/lib/python3.10/site-packages/requests/adapters.py", line 667, in send
    resp = conn.urlopen(
  File "/mnt/c/Users/ryanb/Desktop/new_code/bookrank/.linux-venv/lib/python3.10/site-packages/urllib3/connectionpool.py", line 843, in urlopen
    retries = retries.increment(
  File "/mnt/c/Users/ryanb/Desktop/new_code/bookrank/.linux-venv/lib/python3.10/site-packages/urllib3/util/retry.py", line 474, in increment
    raise reraise(type(error), error, _stacktrace)
  File "/mnt/c/Users/ryanb/Desktop/new_code/bookrank/.linux-venv/lib/python3.10/site-packages/urllib3/util/util.py", line 39, in reraise
    raise value
  File "/mnt/c/Users/ryanb/Desktop/new_code/bookrank/.linux-venv/lib/python3.10/site-packages/urllib3/connectionpool.py", line 789, in urlopen
    response = self._make_request(
  File "/mnt/c/Users/ryanb/Desktop/new_code/bookrank/.linux-venv/lib/python3.10/site-packages/urllib3/connectionpool.py", line 538, in _make_request
    self._raise_timeout(err=e, url=url, timeout_value=read_timeout)
  File "/mnt/c/Users/ryanb/Desktop/new_code/bookrank/.linux-venv/lib/python3.10/site-packages/urllib3/connectionpool.py", line 369, in _raise_timeout
    raise ReadTimeoutError(
urllib3.exceptions.ReadTimeoutError: HTTPSConnectionPool(host='search-bookrank-testing-6jgeuos7njdnqf5yzhbutmoea4.us-east-2.es.amazonaws.com', port=443): Read timed out. (read timeout=10)

During handling of the above exception, another exception occurred:

Traceback (most recent call last):
  File "/mnt/c/Users/ryanb/Desktop/new_code/bookrank/.linux-venv/lib/python3.10/site-packages/opensearchpy/connection/http_requests.py", line 199, in perform_request
    response = self.session.send(prepared_request, **send_kwargs)
  File "/mnt/c/Users/ryanb/Desktop/new_code/bookrank/.linux-venv/lib/python3.10/site-packages/requests/sessions.py", line 703, in send
    r = adapter.send(request, **kwargs)
  File "/mnt/c/Users/ryanb/Desktop/new_code/bookrank/.linux-venv/lib/python3.10/site-packages/requests/adapters.py", line 713, in send
    raise ReadTimeout(e, request=request)
requests.exceptions.ReadTimeout: HTTPSConnectionPool(host='search-bookrank-testing-6jgeuos7njdnqf5yzhbutmoea4.us-east-2.es.amazonaws.com', port=443): Read timed out. (read timeout=10)

During handling of the above exception, another exception occurred:

Traceback (most recent call last):
  File "/mnt/c/Users/ryanb/Desktop/new_code/bookrank/.linux-venv/lib/python3.10/site-packages/django/core/handlers/exception.py", line 55, in inner
    response = get_response(request)
  File "/mnt/c/Users/ryanb/Desktop/new_code/bookrank/.linux-venv/lib/python3.10/site-packages/django/core/handlers/base.py", line 197, in _get_response
    response = wrapped_callback(request, *callback_args, **callback_kwargs)
  File "/mnt/c/Users/ryanb/Desktop/new_code/bookrank/.linux-venv/lib/python3.10/site-packages/django/views/decorators/csrf.py", line 65, in _view_wrapper
    return view_func(request, *args, **kwargs)
  File "/mnt/c/Users/ryanb/Desktop/new_code/bookrank/.linux-venv/lib/python3.10/site-packages/django/views/generic/base.py", line 104, in view
    return self.dispatch(request, *args, **kwargs)
  File "/mnt/c/Users/ryanb/Desktop/new_code/bookrank/.linux-venv/lib/python3.10/site-packages/rest_framework/views.py", line 509, in dispatch
    response = self.handle_exception(exc)
  File "/mnt/c/Users/ryanb/Desktop/new_code/bookrank/.linux-venv/lib/python3.10/site-packages/rest_framework/views.py", line 469, in handle_exception
    self.raise_uncaught_exception(exc)
  File "/mnt/c/Users/ryanb/Desktop/new_code/bookrank/.linux-venv/lib/python3.10/site-packages/rest_framework/views.py", line 480, in raise_uncaught_exception
    raise exc
  File "/mnt/c/Users/ryanb/Desktop/new_code/bookrank/.linux-venv/lib/python3.10/site-packages/rest_framework/views.py", line 506, in dispatch
    response = handler(request, *args, **kwargs)
  File "/home/ryanbrown/projects/bookrank/app/djangoapp/djangoapp/views.py", line 258, in get
    searchbooklist = search(query)
  File "/home/ryanbrown/projects/bookrank/app/djangoapp/djangoapp/views.py", line 145, in search
    response = client.search(index=INDEX_NAME, body=search_query)
  File "/mnt/c/Users/ryanb/Desktop/new_code/bookrank/.linux-venv/lib/python3.10/site-packages/opensearchpy/client/utils.py", line 180, in _wrapped
    return func(*args, params=params, headers=headers, **kwargs)
  File "/mnt/c/Users/ryanb/Desktop/new_code/bookrank/.linux-venv/lib/python3.10/site-packages/opensearchpy/client/__init__.py", line 2359, in search
    return self.transport.perform_request(
  File "/mnt/c/Users/ryanb/Desktop/new_code/bookrank/.linux-venv/lib/python3.10/site-packages/opensearchpy/transport.py", line 455, in perform_request
    raise e
  File "/mnt/c/Users/ryanb/Desktop/new_code/bookrank/.linux-venv/lib/python3.10/site-packages/opensearchpy/transport.py", line 416, in perform_request
    status, headers_response, data = connection.perform_request(
  File "/mnt/c/Users/ryanb/Desktop/new_code/bookrank/.linux-venv/lib/python3.10/site-packages/opensearchpy/connection/http_requests.py", line 216, in perform_request
    raise ConnectionTimeout("TIMEOUT", str(e), e)
opensearchpy.exceptions.ConnectionTimeout: ConnectionTimeout caused by - ReadTimeout(HTTPSConnectionPool(host='search-bookrank-testing-6jgeuos7njdnqf5yzhbutmoea4.us-east-2.es.amazonaws.com', port=443): Read timed out. (read timeout=10))
ERROR 2024-11-22 22:38:26,996 log Internal Server Error: /api/search/
Traceback (most recent call last):
  File "/mnt/c/Users/ryanb/Desktop/new_code/bookrank/.linux-venv/lib/python3.10/site-packages/urllib3/connectionpool.py", line 536, in _make_request
    response = conn.getresponse()
  File "/mnt/c/Users/ryanb/Desktop/new_code/bookrank/.linux-venv/lib/python3.10/site-packages/urllib3/connection.py", line 464, in getresponse
    httplib_response = super().getresponse()
  File "/usr/lib/python3.10/http/client.py", line 1375, in getresponse
    response.begin()
  File "/usr/lib/python3.10/http/client.py", line 318, in begin
    version, status, reason = self._read_status()
  File "/usr/lib/python3.10/http/client.py", line 279, in _read_status
    line = str(self.fp.readline(_MAXLINE + 1), "iso-8859-1")
  File "/usr/lib/python3.10/socket.py", line 705, in readinto
    return self._sock.recv_into(b)
  File "/usr/lib/python3.10/ssl.py", line 1303, in recv_into
    return self.read(nbytes, buffer)
  File "/usr/lib/python3.10/ssl.py", line 1159, in read
    return self._sslobj.read(len, buffer)
TimeoutError: The read operation timed out

The above exception was the direct cause of the following exception:

Traceback (most recent call last):
  File "/mnt/c/Users/ryanb/Desktop/new_code/bookrank/.linux-venv/lib/python3.10/site-packages/requests/adapters.py", line 667, in send
    resp = conn.urlopen(
  File "/mnt/c/Users/ryanb/Desktop/new_code/bookrank/.linux-venv/lib/python3.10/site-packages/urllib3/connectionpool.py", line 843, in urlopen
    retries = retries.increment(
  File "/mnt/c/Users/ryanb/Desktop/new_code/bookrank/.linux-venv/lib/python3.10/site-packages/urllib3/util/retry.py", line 474, in increment
    raise reraise(type(error), error, _stacktrace)
  File "/mnt/c/Users/ryanb/Desktop/new_code/bookrank/.linux-venv/lib/python3.10/site-packages/urllib3/util/util.py", line 39, in reraise
    raise value
  File "/mnt/c/Users/ryanb/Desktop/new_code/bookrank/.linux-venv/lib/python3.10/site-packages/urllib3/connectionpool.py", line 789, in urlopen
    response = self._make_request(
  File "/mnt/c/Users/ryanb/Desktop/new_code/bookrank/.linux-venv/lib/python3.10/site-packages/urllib3/connectionpool.py", line 538, in _make_request
    self._raise_timeout(err=e, url=url, timeout_value=read_timeout)
  File "/mnt/c/Users/ryanb/Desktop/new_code/bookrank/.linux-venv/lib/python3.10/site-packages/urllib3/connectionpool.py", line 369, in _raise_timeout
    raise ReadTimeoutError(
urllib3.exceptions.ReadTimeoutError: HTTPSConnectionPool(host='search-bookrank-testing-6jgeuos7njdnqf5yzhbutmoea4.us-east-2.es.amazonaws.com', port=443): Read timed out. (read timeout=10)

During handling of the above exception, another exception occurred:

Traceback (most recent call last):
  File "/mnt/c/Users/ryanb/Desktop/new_code/bookrank/.linux-venv/lib/python3.10/site-packages/opensearchpy/connection/http_requests.py", line 199, in perform_request
    response = self.session.send(prepared_request, **send_kwargs)
  File "/mnt/c/Users/ryanb/Desktop/new_code/bookrank/.linux-venv/lib/python3.10/site-packages/requests/sessions.py", line 703, in send
    r = adapter.send(request, **kwargs)
  File "/mnt/c/Users/ryanb/Desktop/new_code/bookrank/.linux-venv/lib/python3.10/site-packages/requests/adapters.py", line 713, in send
    raise ReadTimeout(e, request=request)
requests.exceptions.ReadTimeout: HTTPSConnectionPool(host='search-bookrank-testing-6jgeuos7njdnqf5yzhbutmoea4.us-east-2.es.amazonaws.com', port=443): Read timed out. (read timeout=10)

During handling of the above exception, another exception occurred:

Traceback (most recent call last):
  File "/mnt/c/Users/ryanb/Desktop/new_code/bookrank/.linux-venv/lib/python3.10/site-packages/django/core/handlers/exception.py", line 55, in inner
    response = get_response(request)
  File "/mnt/c/Users/ryanb/Desktop/new_code/bookrank/.linux-venv/lib/python3.10/site-packages/django/core/handlers/base.py", line 197, in _get_response
    response = wrapped_callback(request, *callback_args, **callback_kwargs)
  File "/mnt/c/Users/ryanb/Desktop/new_code/bookrank/.linux-venv/lib/python3.10/site-packages/django/views/decorators/csrf.py", line 65, in _view_wrapper
    return view_func(request, *args, **kwargs)
  File "/mnt/c/Users/ryanb/Desktop/new_code/bookrank/.linux-venv/lib/python3.10/site-packages/django/views/generic/base.py", line 104, in view
    return self.dispatch(request, *args, **kwargs)
  File "/mnt/c/Users/ryanb/Desktop/new_code/bookrank/.linux-venv/lib/python3.10/site-packages/rest_framework/views.py", line 509, in dispatch
    response = self.handle_exception(exc)
  File "/mnt/c/Users/ryanb/Desktop/new_code/bookrank/.linux-venv/lib/python3.10/site-packages/rest_framework/views.py", line 469, in handle_exception
    self.raise_uncaught_exception(exc)
  File "/mnt/c/Users/ryanb/Desktop/new_code/bookrank/.linux-venv/lib/python3.10/site-packages/rest_framework/views.py", line 480, in raise_uncaught_exception
    raise exc
  File "/mnt/c/Users/ryanb/Desktop/new_code/bookrank/.linux-venv/lib/python3.10/site-packages/rest_framework/views.py", line 506, in dispatch
    response = handler(request, *args, **kwargs)
  File "/home/ryanbrown/projects/bookrank/app/djangoapp/djangoapp/views.py", line 258, in get
    searchbooklist = search(query)
  File "/home/ryanbrown/projects/bookrank/app/djangoapp/djangoapp/views.py", line 145, in search
    response = client.search(index=INDEX_NAME, body=search_query)
  File "/mnt/c/Users/ryanb/Desktop/new_code/bookrank/.linux-venv/lib/python3.10/site-packages/opensearchpy/client/utils.py", line 180, in _wrapped
    return func(*args, params=params, headers=headers, **kwargs)
  File "/mnt/c/Users/ryanb/Desktop/new_code/bookrank/.linux-venv/lib/python3.10/site-packages/opensearchpy/client/__init__.py", line 2359, in search
    return self.transport.perform_request(
  File "/mnt/c/Users/ryanb/Desktop/new_code/bookrank/.linux-venv/lib/python3.10/site-packages/opensearchpy/transport.py", line 455, in perform_request
    raise e
  File "/mnt/c/Users/ryanb/Desktop/new_code/bookrank/.linux-venv/lib/python3.10/site-packages/opensearchpy/transport.py", line 416, in perform_request
    status, headers_response, data = connection.perform_request(
  File "/mnt/c/Users/ryanb/Desktop/new_code/bookrank/.linux-venv/lib/python3.10/site-packages/opensearchpy/connection/http_requests.py", line 216, in perform_request
    raise ConnectionTimeout("TIMEOUT", str(e), e)
opensearchpy.exceptions.ConnectionTimeout: ConnectionTimeout caused by - ReadTimeout(HTTPSConnectionPool(host='search-bookrank-testing-6jgeuos7njdnqf5yzhbutmoea4.us-east-2.es.amazonaws.com', port=443): Read timed out. (read timeout=10))
