INFO 2024-07-14 15:39:44,339 views All usernames: ['asdf', 'new1', 'new1010', 'new13', 'new14', 'new2', 'newuser10', 'newuser11', 'newuser55', 'newuser56', 'rbb1234', 'rbbv10', 'rbbv11', 'rbbv12', 'rbbv13', 'rbbv14', 'rbbv15', 'rbbv16', 'rbbv17', 'rbbv18', 'rbbv19', 'rbbv2', 'rbbv20', 'rbbv21', 'rbbv22', 'rbbv23', 'rbbv24', 'rbbv3', 'rbbv4', 'rbbv4=5', 'rbbv5', 'rbbv6', 'rbbv7', 'rbbv8', 'rbbv9']
INFO 2024-07-14 15:39:44,700 views Login _auth_user_id: 25
INFO 2024-07-14 15:39:44,706 views Login user: rbbv24
INFO 2024-07-14 15:39:44,707 views Token: a33f18d167c6d89038bd092ba28d469d82b64313
INFO 2024-07-14 15:39:47,445 views UserBooksView _auth_user_id: 25
INFO 2024-07-14 15:39:47,447 views UserBooksView user rbbv24
INFO 2024-07-14 15:40:02,952 views All usernames: ['asdf', 'new1', 'new1010', 'new13', 'new14', 'new2', 'newuser10', 'newuser11', 'newuser55', 'newuser56', 'rbb1234', 'rbbv10', 'rbbv11', 'rbbv12', 'rbbv13', 'rbbv14', 'rbbv15', 'rbbv16', 'rbbv17', 'rbbv18', 'rbbv19', 'rbbv2', 'rbbv20', 'rbbv21', 'rbbv22', 'rbbv23', 'rbbv24', 'rbbv3', 'rbbv4', 'rbbv4=5', 'rbbv5', 'rbbv6', 'rbbv7', 'rbbv8', 'rbbv9']
INFO 2024-07-14 15:40:03,328 views Login _auth_user_id: 35
INFO 2024-07-14 15:40:03,333 views Login user: new1010
INFO 2024-07-14 15:40:03,333 views Token: 8ca809688c7ea2c123f8c66bf86c5e0a03fc3da8
INFO 2024-07-14 15:40:05,328 views UserBooksView _auth_user_id: 35
INFO 2024-07-14 15:40:05,329 views UserBooksView user rbbv24
INFO 2024-07-14 15:49:03,845 views All usernames: ['asdf', 'new1', 'new1010', 'new13', 'new14', 'new2', 'newuser10', 'newuser11', 'newuser55', 'newuser56', 'rbb1234', 'rbbv10', 'rbbv11', 'rbbv12', 'rbbv13', 'rbbv14', 'rbbv15', 'rbbv16', 'rbbv17', 'rbbv18', 'rbbv19', 'rbbv2', 'rbbv20', 'rbbv21', 'rbbv22', 'rbbv23', 'rbbv24', 'rbbv3', 'rbbv4', 'rbbv4=5', 'rbbv5', 'rbbv6', 'rbbv7', 'rbbv8', 'rbbv9']
INFO 2024-07-14 15:49:04,205 views Login _auth_user_id: 25
INFO 2024-07-14 15:49:04,211 views Login user: rbbv24
INFO 2024-07-14 15:49:04,211 views Token: a33f18d167c6d89038bd092ba28d469d82b64313
INFO 2024-07-14 15:51:45,292 views All usernames: ['asdf', 'new1', 'new1010', 'new13', 'new14', 'new2', 'newuser10', 'newuser11', 'newuser55', 'newuser56', 'rbb1234', 'rbbv10', 'rbbv11', 'rbbv12', 'rbbv13', 'rbbv14', 'rbbv15', 'rbbv16', 'rbbv17', 'rbbv18', 'rbbv19', 'rbbv2', 'rbbv20', 'rbbv21', 'rbbv22', 'rbbv23', 'rbbv24', 'rbbv3', 'rbbv4', 'rbbv4=5', 'rbbv5', 'rbbv6', 'rbbv7', 'rbbv8', 'rbbv9']
INFO 2024-07-14 15:51:45,646 views Login _auth_user_id: 25
INFO 2024-07-14 15:51:45,651 views Login user: rbbv24
INFO 2024-07-14 15:51:45,652 views Token: a33f18d167c6d89038bd092ba28d469d82b64313
INFO 2024-07-14 15:51:48,279 views UserBooksView _auth_user_id: 25
INFO 2024-07-14 15:51:48,280 views UserBooksView user rbbv24
INFO 2024-07-14 15:52:33,627 views All usernames: ['asdf', 'new1', 'new1010', 'new13', 'new14', 'new2', 'newuser10', 'newuser11', 'newuser55', 'newuser56', 'rbb1234', 'rbbv10', 'rbbv11', 'rbbv12', 'rbbv13', 'rbbv14', 'rbbv15', 'rbbv16', 'rbbv17', 'rbbv18', 'rbbv19', 'rbbv2', 'rbbv20', 'rbbv21', 'rbbv22', 'rbbv23', 'rbbv24', 'rbbv3', 'rbbv4', 'rbbv4=5', 'rbbv5', 'rbbv6', 'rbbv7', 'rbbv8', 'rbbv9']
INFO 2024-07-14 15:52:34,004 views Login _auth_user_id: 35
INFO 2024-07-14 15:52:34,009 views Login user: new1010
INFO 2024-07-14 15:52:34,010 views Token: 8ca809688c7ea2c123f8c66bf86c5e0a03fc3da8
INFO 2024-07-14 15:52:40,600 views UserBooksView _auth_user_id: 35
INFO 2024-07-14 15:52:40,601 views UserBooksView user rbbv24
INFO 2024-07-14 15:57:36,523 views All usernames: ['asdf', 'new1', 'new1010', 'new13', 'new14', 'new2', 'newuser10', 'newuser11', 'newuser55', 'newuser56', 'rbb1234', 'rbbv10', 'rbbv11', 'rbbv12', 'rbbv13', 'rbbv14', 'rbbv15', 'rbbv16', 'rbbv17', 'rbbv18', 'rbbv19', 'rbbv2', 'rbbv20', 'rbbv21', 'rbbv22', 'rbbv23', 'rbbv24', 'rbbv3', 'rbbv4', 'rbbv4=5', 'rbbv5', 'rbbv6', 'rbbv7', 'rbbv8', 'rbbv9']
INFO 2024-07-14 15:57:36,816 views Login _auth_user_id: 25
INFO 2024-07-14 15:57:36,821 views Login user id: 25
INFO 2024-07-14 15:57:36,822 views Token: a33f18d167c6d89038bd092ba28d469d82b64313
INFO 2024-07-14 15:57:45,630 views UserBooksView _auth_user_id: 25
INFO 2024-07-14 15:57:45,631 views UserBooksView user id: 25
INFO 2024-07-14 15:59:06,289 views Session post-logout dict_items([])
INFO 2024-07-14 15:59:20,165 views All usernames: ['asdf', 'new1', 'new1010', 'new13', 'new14', 'new2', 'newuser10', 'newuser11', 'newuser55', 'newuser56', 'rbb1234', 'rbbv10', 'rbbv11', 'rbbv12', 'rbbv13', 'rbbv14', 'rbbv15', 'rbbv16', 'rbbv17', 'rbbv18', 'rbbv19', 'rbbv2', 'rbbv20', 'rbbv21', 'rbbv22', 'rbbv23', 'rbbv24', 'rbbv3', 'rbbv4', 'rbbv4=5', 'rbbv5', 'rbbv6', 'rbbv7', 'rbbv8', 'rbbv9']
INFO 2024-07-14 15:59:20,522 views Login _auth_user_id: 35
INFO 2024-07-14 15:59:20,528 views Login user id: 35
INFO 2024-07-14 15:59:20,529 views Token: 8ca809688c7ea2c123f8c66bf86c5e0a03fc3da8
INFO 2024-07-14 15:59:22,975 views UserBooksView _auth_user_id: 35
INFO 2024-07-14 15:59:22,977 views UserBooksView user id: 25
INFO 2024-07-14 16:02:43,841 views All usernames: ['asdf', 'new1', 'new1010', 'new13', 'new14', 'new2', 'newuser10', 'newuser11', 'newuser55', 'newuser56', 'rbb1234', 'rbbv10', 'rbbv11', 'rbbv12', 'rbbv13', 'rbbv14', 'rbbv15', 'rbbv16', 'rbbv17', 'rbbv18', 'rbbv19', 'rbbv2', 'rbbv20', 'rbbv21', 'rbbv22', 'rbbv23', 'rbbv24', 'rbbv3', 'rbbv4', 'rbbv4=5', 'rbbv5', 'rbbv6', 'rbbv7', 'rbbv8', 'rbbv9']
INFO 2024-07-14 16:02:44,206 views Login _auth_user_id: 25
INFO 2024-07-14 16:02:44,211 views Login user id: 25
INFO 2024-07-14 16:02:44,212 views Token: a33f18d167c6d89038bd092ba28d469d82b64313
INFO 2024-07-14 16:02:47,167 views UserBooksView _auth_user_id: 25
INFO 2024-07-14 16:02:47,168 views UserBooksView user id: 25
INFO 2024-07-14 16:02:55,857 views Session post-logout dict_items([])
INFO 2024-07-14 16:03:09,972 views All usernames: ['asdf', 'new1', 'new1010', 'new13', 'new14', 'new2', 'newuser10', 'newuser11', 'newuser55', 'newuser56', 'rbb1234', 'rbbv10', 'rbbv11', 'rbbv12', 'rbbv13', 'rbbv14', 'rbbv15', 'rbbv16', 'rbbv17', 'rbbv18', 'rbbv19', 'rbbv2', 'rbbv20', 'rbbv21', 'rbbv22', 'rbbv23', 'rbbv24', 'rbbv3', 'rbbv4', 'rbbv4=5', 'rbbv5', 'rbbv6', 'rbbv7', 'rbbv8', 'rbbv9']
INFO 2024-07-14 16:03:10,401 views Login _auth_user_id: 35
INFO 2024-07-14 16:03:10,406 views Login user id: 35
INFO 2024-07-14 16:03:10,407 views Token: 8ca809688c7ea2c123f8c66bf86c5e0a03fc3da8
INFO 2024-07-14 16:03:11,748 views UserBooksView _auth_user_id: 35
INFO 2024-07-14 16:03:11,749 views UserBooksView user id: 25
INFO 2024-07-14 16:11:37,547 views All usernames: ['asdf', 'new1', 'new1010', 'new13', 'new14', 'new2', 'newuser10', 'newuser11', 'newuser55', 'newuser56', 'rbb1234', 'rbbv10', 'rbbv11', 'rbbv12', 'rbbv13', 'rbbv14', 'rbbv15', 'rbbv16', 'rbbv17', 'rbbv18', 'rbbv19', 'rbbv2', 'rbbv20', 'rbbv21', 'rbbv22', 'rbbv23', 'rbbv24', 'rbbv3', 'rbbv4', 'rbbv4=5', 'rbbv5', 'rbbv6', 'rbbv7', 'rbbv8', 'rbbv9']
INFO 2024-07-14 16:11:37,935 views After Login _auth_user_id: 25
INFO 2024-07-14 16:11:37,940 views After Login user id: 25
INFO 2024-07-14 16:11:37,941 views After login session: dict_items([('_auth_user_id', '25'), ('_auth_user_backend', 'django.contrib.auth.backends.ModelBackend'), ('_auth_user_hash', 'ab53f2b9b7571d411f9f23e6502fbeace821dda8c738fbb226756dd97f88dd36')])
INFO 2024-07-14 16:11:37,942 views Token: a33f18d167c6d89038bd092ba28d469d82b64313
INFO 2024-07-14 16:11:38,774 views UserBooksView _auth_user_id: 25
INFO 2024-07-14 16:11:38,775 views UserBooksView user id: 35
INFO 2024-07-14 16:11:41,145 views UserBooksView _auth_user_id: 25
INFO 2024-07-14 16:11:41,146 views UserBooksView user id: 35
INFO 2024-07-14 16:11:41,633 views UserBooksView _auth_user_id: 25
INFO 2024-07-14 16:11:41,634 views UserBooksView user id: 25
INFO 2024-07-14 16:11:56,155 views UserBooksView _auth_user_id: 25
INFO 2024-07-14 16:11:56,156 views UserBooksView user id: 25
INFO 2024-07-14 16:11:57,769 views Session post-logout dict_items([])
INFO 2024-07-14 16:12:07,904 views All usernames: ['asdf', 'new1', 'new1010', 'new13', 'new14', 'new2', 'newuser10', 'newuser11', 'newuser55', 'newuser56', 'rbb1234', 'rbbv10', 'rbbv11', 'rbbv12', 'rbbv13', 'rbbv14', 'rbbv15', 'rbbv16', 'rbbv17', 'rbbv18', 'rbbv19', 'rbbv2', 'rbbv20', 'rbbv21', 'rbbv22', 'rbbv23', 'rbbv24', 'rbbv3', 'rbbv4', 'rbbv4=5', 'rbbv5', 'rbbv6', 'rbbv7', 'rbbv8', 'rbbv9']
INFO 2024-07-14 16:12:08,248 views After Login _auth_user_id: 35
INFO 2024-07-14 16:12:08,253 views After Login user id: 35
INFO 2024-07-14 16:12:08,254 views After login session: dict_items([('_auth_user_id', '35'), ('_auth_user_backend', 'django.contrib.auth.backends.ModelBackend'), ('_auth_user_hash', 'a6ee2d8818023495be0892259fcf8da04f423591cd5e4238dad956b72cd8ad37')])
INFO 2024-07-14 16:12:08,255 views Token: 8ca809688c7ea2c123f8c66bf86c5e0a03fc3da8
INFO 2024-07-14 16:12:11,290 views UserBooksView _auth_user_id: 35
INFO 2024-07-14 16:12:11,292 views UserBooksView user id: 25
INFO 2024-07-14 16:12:13,597 views UserBooksView _auth_user_id: 35
INFO 2024-07-14 16:12:13,598 views UserBooksView user id: 35
INFO 2024-07-14 16:12:20,115 views UserBooksView _auth_user_id: 35
INFO 2024-07-14 16:12:20,117 views UserBooksView user id: 35
INFO 2024-07-14 16:24:14,006 views Session post-logout dict_items([])
INFO 2024-07-14 16:24:22,171 views All usernames: ['asdf', 'new1', 'new1010', 'new13', 'new14', 'new2', 'newuser10', 'newuser11', 'newuser55', 'newuser56', 'rbb1234', 'rbbv10', 'rbbv11', 'rbbv12', 'rbbv13', 'rbbv14', 'rbbv15', 'rbbv16', 'rbbv17', 'rbbv18', 'rbbv19', 'rbbv2', 'rbbv20', 'rbbv21', 'rbbv22', 'rbbv23', 'rbbv24', 'rbbv3', 'rbbv4', 'rbbv4=5', 'rbbv5', 'rbbv6', 'rbbv7', 'rbbv8', 'rbbv9']
INFO 2024-07-14 16:24:22,542 views After Login _auth_user_id: 25
INFO 2024-07-14 16:24:22,547 views After Login user id: 25
INFO 2024-07-14 16:24:22,548 views After login session: dict_items([('_auth_user_id', '25'), ('_auth_user_backend', 'django.contrib.auth.backends.ModelBackend'), ('_auth_user_hash', 'ab53f2b9b7571d411f9f23e6502fbeace821dda8c738fbb226756dd97f88dd36')])
INFO 2024-07-14 16:24:22,550 views Token: a33f18d167c6d89038bd092ba28d469d82b64313
INFO 2024-07-14 16:24:24,408 views UserBooksView _auth_user_id: 25
INFO 2024-07-14 16:24:24,409 views UserBooksView user id: 35
INFO 2024-07-14 16:24:36,575 views UserBooksView _auth_user_id: 25
INFO 2024-07-14 16:24:36,576 views UserBooksView user id: 25
INFO 2024-07-14 16:25:22,084 views Session post-logout dict_items([])
INFO 2024-07-14 16:25:38,145 views All usernames: ['asdf', 'new1', 'new1010', 'new13', 'new14', 'new2', 'newuser10', 'newuser11', 'newuser55', 'newuser56', 'rbb1234', 'rbbv10', 'rbbv11', 'rbbv12', 'rbbv13', 'rbbv14', 'rbbv15', 'rbbv16', 'rbbv17', 'rbbv18', 'rbbv19', 'rbbv2', 'rbbv20', 'rbbv21', 'rbbv22', 'rbbv23', 'rbbv24', 'rbbv3', 'rbbv4', 'rbbv4=5', 'rbbv5', 'rbbv6', 'rbbv7', 'rbbv8', 'rbbv9']
INFO 2024-07-14 16:25:38,516 views After Login _auth_user_id: 35
INFO 2024-07-14 16:25:38,521 views After Login user id: 35
INFO 2024-07-14 16:25:38,521 views After login session: dict_items([('_auth_user_id', '35'), ('_auth_user_backend', 'django.contrib.auth.backends.ModelBackend'), ('_auth_user_hash', 'a6ee2d8818023495be0892259fcf8da04f423591cd5e4238dad956b72cd8ad37')])
INFO 2024-07-14 16:25:38,522 views Token: 8ca809688c7ea2c123f8c66bf86c5e0a03fc3da8
INFO 2024-07-14 16:25:42,877 views UserBooksView _auth_user_id: 35
INFO 2024-07-14 16:25:42,879 views UserBooksView user id: 25
INFO 2024-07-14 16:26:11,176 views UserBooksView _auth_user_id: 35
INFO 2024-07-14 16:26:11,177 views UserBooksView user id: 35
INFO 2024-07-14 16:58:47,147 views After Login _auth_user_id: 25
INFO 2024-07-14 16:58:47,149 views After Login user id: 25
INFO 2024-07-14 16:58:54,549 views UserBooksView _auth_user_id: None
INFO 2024-07-14 16:58:54,554 views UserBooksView user id: 25
INFO 2024-07-14 16:58:56,782 views Session post-logout dict_items([])
INFO 2024-07-14 17:00:15,394 views After Login _auth_user_id: 35
INFO 2024-07-14 17:00:15,395 views After Login user id: 35
INFO 2024-07-14 17:00:16,903 views UserBooksView _auth_user_id: None
INFO 2024-07-14 17:00:16,905 views UserBooksView user id: 25
INFO 2024-07-14 17:00:27,666 views UserBooksView _auth_user_id: None
INFO 2024-07-14 17:00:27,667 views UserBooksView user id: 35
INFO 2024-07-14 17:00:38,768 views Session post-logout dict_items([])
INFO 2024-07-14 17:00:42,179 views After Login _auth_user_id: 25
INFO 2024-07-14 17:00:42,181 views After Login user id: 25
INFO 2024-07-14 17:00:43,429 views UserBooksView _auth_user_id: None
INFO 2024-07-14 17:00:43,431 views UserBooksView user id: 35
INFO 2024-07-14 17:00:45,143 views Session post-logout dict_items([])
INFO 2024-07-14 17:09:30,203 views After Login _auth_user_id: 25
INFO 2024-07-14 17:09:30,204 views After Login user id: 25
INFO 2024-07-14 17:09:31,630 views UserBooksView _auth_user_id: None
INFO 2024-07-14 17:09:31,631 views UserBooksView user id: 25
INFO 2024-07-14 17:09:33,280 views Session post-logout dict_items([])
INFO 2024-07-14 17:09:41,061 views After Login _auth_user_id: 35
INFO 2024-07-14 17:09:41,062 views After Login user id: 35
INFO 2024-07-14 17:09:42,669 views UserBooksView _auth_user_id: None
INFO 2024-07-14 17:09:42,670 views UserBooksView user id: 35
INFO 2024-07-14 17:09:48,153 views Session post-logout dict_items([])
INFO 2024-07-14 17:09:58,247 views After Login _auth_user_id: 25
INFO 2024-07-14 17:09:58,248 views After Login user id: 25
INFO 2024-07-14 17:09:59,348 views UserBooksView _auth_user_id: None
INFO 2024-07-14 17:09:59,351 views UserBooksView user id: 25
INFO 2024-07-14 17:22:56,434 views After Login _auth_user_id: 25
INFO 2024-07-14 17:22:56,436 views After Login user id: 25
INFO 2024-07-14 17:23:00,506 views UserBooksView _auth_user_id: None
INFO 2024-07-14 17:23:00,508 views UserBooksView user id: 25
INFO 2024-07-14 17:23:04,995 views Session post-logout dict_items([])
INFO 2024-07-14 17:23:25,452 views After Login _auth_user_id: 35
INFO 2024-07-14 17:23:25,453 views After Login user id: 35
INFO 2024-07-14 17:23:27,085 views UserBooksView _auth_user_id: None
INFO 2024-07-14 17:23:27,086 views UserBooksView user id: 35
INFO 2024-07-14 17:23:32,900 views Session post-logout dict_items([])
INFO 2024-07-14 17:23:38,443 views After Login _auth_user_id: 11
INFO 2024-07-14 17:23:38,444 views After Login user id: 11
INFO 2024-07-14 17:23:39,517 views UserBooksView _auth_user_id: None
INFO 2024-07-14 17:23:39,519 views UserBooksView user id: 11
INFO 2024-07-14 17:23:42,477 views Session post-logout dict_items([])
INFO 2024-07-14 17:27:58,785 views After Login _auth_user_id: 25
INFO 2024-07-14 17:27:58,785 views After Login user id: 25
INFO 2024-07-14 17:28:00,298 views UserBooksView _auth_user_id: 25
INFO 2024-07-14 17:28:00,298 views UserBooksView user id: 25
INFO 2024-07-14 17:28:27,274 views After Login _auth_user_id: 35
INFO 2024-07-14 17:28:27,275 views After Login user id: 35
INFO 2024-07-14 17:28:28,598 views UserBooksView _auth_user_id: 35
INFO 2024-07-14 17:28:28,598 views UserBooksView user id: 25
INFO 2024-07-14 17:28:35,640 views Session post-logout dict_items([])
INFO 2024-07-14 17:31:52,292 views After Login _auth_user_id: 25
INFO 2024-07-14 17:31:52,293 views After Login user id: 25
INFO 2024-07-14 17:31:53,765 views UserBooksView _auth_user_id: 25
INFO 2024-07-14 17:31:53,766 views UserBooksView user id: 35
INFO 2024-07-14 17:37:13,194 views After Login _auth_user_id: 25
INFO 2024-07-14 17:37:13,195 views After Login user id: 25
INFO 2024-07-14 17:37:17,135 views UserBooksView _auth_user_id: 25
INFO 2024-07-14 17:37:17,136 views UserBooksView user id: 25
INFO 2024-07-14 17:37:20,250 views Session post-logout dict_items([])
INFO 2024-07-14 17:37:27,706 views After Login _auth_user_id: 35
INFO 2024-07-14 17:37:27,707 views After Login user id: 35
INFO 2024-07-14 17:37:29,137 views UserBooksView _auth_user_id: 35
INFO 2024-07-14 17:37:29,139 views UserBooksView user id: 35
INFO 2024-07-28 20:22:05,026 views After Login _auth_user_id: 11
INFO 2024-07-28 20:22:05,027 views After Login user id: 11
INFO 2024-07-28 20:22:12,120 views UserBooksView _auth_user_id: None
INFO 2024-07-28 20:22:12,121 views UserBooksView user id: 11
INFO 2024-07-28 20:22:18,293 views Session post-logout dict_items([])
INFO 2024-07-28 20:22:32,486 views After Login _auth_user_id: 25
INFO 2024-07-28 20:22:32,487 views After Login user id: 25
INFO 2024-07-28 20:22:34,002 views UserBooksView _auth_user_id: None
INFO 2024-07-28 20:22:34,002 views UserBooksView user id: 25
INFO 2024-07-28 20:24:21,345 views UserBooksView _auth_user_id: None
INFO 2024-07-28 20:24:21,346 views UserBooksView user id: 25
INFO 2024-07-28 21:17:07,142 views After Login _auth_user_id: 25
INFO 2024-07-28 21:17:07,143 views After Login user id: 25
INFO 2024-07-28 21:17:08,971 views UserBooksView _auth_user_id: 25
INFO 2024-07-28 21:17:08,971 views UserBooksView user id: 25
INFO 2024-07-29 00:08:14,028 views UserBooksView _auth_user_id: 25
INFO 2024-07-29 00:08:14,029 views UserBooksView user id: 25
INFO 2024-08-03 16:51:05,581 views After Login _auth_user_id: 25
INFO 2024-08-03 16:51:05,581 views After Login user id: 25
INFO 2024-08-03 16:51:05,642 views After Login _auth_user_id: 25
INFO 2024-08-03 16:51:05,642 views After Login user id: 25
INFO 2024-08-03 16:51:05,708 views After Login _auth_user_id: 25
INFO 2024-08-03 16:51:05,708 views After Login user id: 25
INFO 2024-08-03 16:51:13,457 views After Login _auth_user_id: 25
INFO 2024-08-03 16:51:13,457 views After Login user id: 25
INFO 2024-08-03 16:51:15,638 views UserBooksView _auth_user_id: 25
INFO 2024-08-03 16:51:15,645 views UserBooksView user id: 25
INFO 2024-08-03 16:55:33,769 views After Login _auth_user_id: 25
INFO 2024-08-03 16:55:33,770 views After Login user id: 25
INFO 2024-08-03 16:55:37,507 views UserBooksView _auth_user_id: None
INFO 2024-08-03 16:55:37,507 views UserBooksView user id: 25
INFO 2024-08-03 16:57:58,325 views UserBooksView _auth_user_id: None
INFO 2024-08-03 16:57:58,326 views UserBooksView user id: 25
INFO 2024-08-03 16:58:33,911 views UserBooksView _auth_user_id: None
INFO 2024-08-03 16:58:33,914 views UserBooksView user id: 25
INFO 2024-08-03 17:03:21,369 views UserBooksView _auth_user_id: None
INFO 2024-08-03 17:03:21,369 views UserBooksView user id: 25
INFO 2024-08-03 17:07:17,009 views UserBooksView _auth_user_id: None
INFO 2024-08-03 17:07:17,009 views UserBooksView user id: 25
INFO 2024-08-03 17:13:25,311 views UserBooksView _auth_user_id: None
INFO 2024-08-03 17:13:25,311 views UserBooksView user id: 25
INFO 2024-08-03 17:14:21,971 views UserBooksView _auth_user_id: None
INFO 2024-08-03 17:14:21,971 views UserBooksView user id: 25
INFO 2024-08-03 17:34:20,477 views UserBooksView _auth_user_id: None
INFO 2024-08-03 17:34:20,479 views UserBooksView user id: 25
INFO 2024-08-03 17:35:43,416 views UserBooksView _auth_user_id: None
INFO 2024-08-03 17:35:43,417 views UserBooksView user id: 25
INFO 2024-08-03 17:36:44,558 views UserBooksView _auth_user_id: None
INFO 2024-08-03 17:36:44,559 views UserBooksView user id: 25
INFO 2024-08-03 17:38:02,327 views UserBooksView _auth_user_id: None
INFO 2024-08-03 17:38:02,328 views UserBooksView user id: 25
INFO 2024-08-03 17:38:26,900 views UserBooksView _auth_user_id: None
INFO 2024-08-03 17:38:26,901 views UserBooksView user id: 25
INFO 2024-08-03 17:42:39,256 views UserBooksView _auth_user_id: None
INFO 2024-08-03 17:42:39,257 views UserBooksView user id: 25
INFO 2024-08-03 17:44:52,315 views UserBooksView _auth_user_id: None
INFO 2024-08-03 17:44:52,315 views UserBooksView user id: 25
INFO 2024-08-03 17:45:40,463 views UserBooksView _auth_user_id: None
INFO 2024-08-03 17:45:40,464 views UserBooksView user id: 25
INFO 2024-08-03 17:53:23,508 views Session post-logout dict_items([])
INFO 2024-08-03 18:41:21,127 views After Login _auth_user_id: 25
INFO 2024-08-03 18:41:21,128 views After Login user id: 25
INFO 2024-08-03 18:45:42,989 views After Login _auth_user_id: 25
INFO 2024-08-03 18:45:42,989 views After Login user id: 25
INFO 2024-08-03 18:45:44,925 views UserBooksView _auth_user_id: None
INFO 2024-08-03 18:45:44,926 views UserBooksView user id: 25
INFO 2024-08-03 18:45:57,075 views Session post-logout dict_items([])
INFO 2024-08-03 18:47:08,115 views After Login _auth_user_id: 16
INFO 2024-08-03 18:47:08,116 views After Login user id: 16
INFO 2024-08-03 18:47:13,332 views Session post-logout dict_items([])
INFO 2024-08-03 18:47:38,969 views After Login _auth_user_id: 25
INFO 2024-08-03 18:47:38,970 views After Login user id: 25
INFO 2024-08-03 18:47:56,885 views Session post-logout dict_items([])
INFO 2024-08-03 23:46:53,870 views After Login _auth_user_id: 26
INFO 2024-08-03 23:46:53,871 views After Login user id: 26
INFO 2024-08-03 23:47:12,262 views Session post-logout dict_items([])
INFO 2024-08-04 00:03:15,533 views After Login _auth_user_id: 25
INFO 2024-08-04 00:03:15,534 views After Login user id: 25
INFO 2024-08-04 00:04:17,156 views After Login _auth_user_id: 25
INFO 2024-08-04 00:04:17,157 views After Login user id: 25
INFO 2024-08-04 00:04:35,722 views After Login _auth_user_id: 25
INFO 2024-08-04 00:04:35,723 views After Login user id: 25
INFO 2024-08-04 00:04:58,966 views After Login _auth_user_id: 25
INFO 2024-08-04 00:04:58,967 views After Login user id: 25
INFO 2024-08-04 03:18:06,501 views After Login _auth_user_id: 25
INFO 2024-08-04 03:18:06,502 views After Login user id: 25
INFO 2024-08-04 03:18:20,736 views After Login _auth_user_id: 25
INFO 2024-08-04 03:18:20,736 views After Login user id: 25
INFO 2024-08-04 03:19:57,548 views UserBooksView _auth_user_id: None
INFO 2024-08-04 03:19:57,548 views UserBooksView user id: 25
INFO 2024-08-04 03:24:30,383 views After Login _auth_user_id: 25
INFO 2024-08-04 03:24:30,383 views After Login user id: 25
INFO 2024-08-04 03:24:36,983 views After Login _auth_user_id: 25
INFO 2024-08-04 03:24:36,984 views After Login user id: 25
INFO 2024-08-04 03:24:48,866 views After Login _auth_user_id: 25
INFO 2024-08-04 03:24:48,866 views After Login user id: 25
INFO 2024-08-04 03:28:35,995 views After Login _auth_user_id: 25
INFO 2024-08-04 03:28:35,996 views After Login user id: 25
INFO 2024-08-04 03:34:01,046 views After Login _auth_user_id: 25
INFO 2024-08-04 03:34:01,047 views After Login user id: 25
INFO 2024-08-04 03:37:13,502 views After Login _auth_user_id: 25
INFO 2024-08-04 03:37:13,503 views After Login user id: 25
INFO 2024-08-04 03:38:10,650 views After Login _auth_user_id: 25
INFO 2024-08-04 03:38:10,651 views After Login user id: 25
INFO 2024-08-04 03:41:04,592 views After Login _auth_user_id: 25
INFO 2024-08-04 03:41:04,593 views After Login user id: 25
INFO 2024-08-04 03:50:49,933 views After Login _auth_user_id: 25
INFO 2024-08-04 03:50:49,934 views After Login user id: 25
INFO 2024-08-04 03:52:41,055 views After Login _auth_user_id: 25
INFO 2024-08-04 03:52:41,056 views After Login user id: 25
INFO 2024-08-04 03:54:30,752 views After Login _auth_user_id: 25
INFO 2024-08-04 03:54:30,753 views After Login user id: 25
INFO 2024-08-04 03:55:48,801 views After Login _auth_user_id: 25
INFO 2024-08-04 03:55:48,801 views After Login user id: 25
INFO 2024-08-04 03:57:30,518 views After Login _auth_user_id: 25
INFO 2024-08-04 03:57:30,519 views After Login user id: 25
INFO 2024-08-04 03:58:14,773 views After Login _auth_user_id: 25
INFO 2024-08-04 03:58:14,773 views After Login user id: 25
INFO 2024-08-04 04:00:04,537 views After Login _auth_user_id: 25
INFO 2024-08-04 04:00:04,538 views After Login user id: 25
INFO 2024-08-04 04:00:31,573 views After Login _auth_user_id: 25
INFO 2024-08-04 04:00:31,573 views After Login user id: 25
INFO 2024-08-04 04:00:33,359 views After Login _auth_user_id: 25
INFO 2024-08-04 04:00:33,360 views After Login user id: 25
INFO 2024-08-04 04:00:34,362 views After Login _auth_user_id: 25
INFO 2024-08-04 04:00:34,362 views After Login user id: 25
INFO 2024-08-04 04:03:12,829 views After Login _auth_user_id: 25
INFO 2024-08-04 04:03:12,830 views After Login user id: 25
INFO 2024-08-04 04:03:14,843 views After Login _auth_user_id: 25
INFO 2024-08-04 04:03:14,844 views After Login user id: 25
INFO 2024-08-04 04:12:11,840 views After Login _auth_user_id: 25
INFO 2024-08-04 04:12:11,841 views After Login user id: 25
INFO 2024-08-04 04:12:34,177 views After Login _auth_user_id: 25
INFO 2024-08-04 04:12:34,178 views After Login user id: 25
INFO 2024-08-04 04:20:43,674 views After Login _auth_user_id: 25
INFO 2024-08-04 04:20:43,675 views After Login user id: 25
INFO 2024-08-04 04:20:51,551 views UserBooksView _auth_user_id: None
INFO 2024-08-04 04:20:51,552 views UserBooksView user id: 25
INFO 2024-08-06 00:46:29,333 views UserBooksView _auth_user_id: None
INFO 2024-08-06 00:46:29,334 views UserBooksView user id: 25
INFO 2024-08-06 00:46:40,601 views UserBooksView _auth_user_id: None
INFO 2024-08-06 00:46:40,602 views UserBooksView user id: 25
INFO 2024-08-06 00:46:45,865 views UserBooksView _auth_user_id: None
INFO 2024-08-06 00:46:45,866 views UserBooksView user id: 25
INFO 2024-08-06 00:54:47,683 views Session post-logout dict_items([])
INFO 2024-08-06 00:58:46,430 views After Signup _auth_user_id: 36
INFO 2024-08-06 00:58:46,431 views After Signup user id: 36
INFO 2024-08-06 00:58:48,976 views UserBooksView _auth_user_id: None
INFO 2024-08-06 00:58:48,982 views UserBooksView user id: 36
INFO 2024-08-06 01:00:09,791 views UserBooksView _auth_user_id: None
INFO 2024-08-06 01:00:09,793 views UserBooksView user id: 36
INFO 2024-08-06 01:06:05,323 views UserBooksView _auth_user_id: None
INFO 2024-08-06 01:06:05,323 views UserBooksView user id: 36
INFO 2024-08-06 01:06:08,874 views Session post-logout dict_items([])
INFO 2024-08-06 01:06:23,330 views After Signup _auth_user_id: 37
INFO 2024-08-06 01:06:23,331 views After Signup user id: 37
INFO 2024-08-06 01:08:04,351 views UserBooksView _auth_user_id: None
INFO 2024-08-06 01:08:04,352 views UserBooksView user id: 37
INFO 2024-08-06 01:10:19,517 views UserBooksView _auth_user_id: None
INFO 2024-08-06 01:10:19,518 views UserBooksView user id: 37
INFO 2024-08-06 02:27:09,854 views After Signup _auth_user_id: 38
INFO 2024-08-06 02:27:09,857 views After Signup user id: 38
INFO 2024-08-06 02:29:21,760 views Session post-logout dict_items([])
INFO 2024-08-06 02:29:36,094 views After Signup _auth_user_id: 39
INFO 2024-08-06 02:29:36,094 views After Signup user id: 39
INFO 2024-08-06 02:31:26,531 views UserBooksView _auth_user_id: None
INFO 2024-08-06 02:31:26,532 views UserBooksView user id: 39
INFO 2024-08-06 02:49:24,057 views UserBooksView _auth_user_id: None
INFO 2024-08-06 02:49:24,058 views UserBooksView user id: 39
INFO 2024-08-06 02:55:02,956 views UserBooksView _auth_user_id: None
INFO 2024-08-06 02:55:02,957 views UserBooksView user id: 39
INFO 2024-08-06 02:55:23,946 views UserBooksView _auth_user_id: None
INFO 2024-08-06 02:55:23,947 views UserBooksView user id: 39
INFO 2024-08-06 02:57:40,743 views UserBooksView _auth_user_id: None
INFO 2024-08-06 02:57:40,744 views UserBooksView user id: 39
INFO 2024-08-06 03:04:04,323 views UserBooksView _auth_user_id: None
INFO 2024-08-06 03:04:04,324 views UserBooksView user id: 39
INFO 2024-08-06 03:05:00,871 views New session for 48297245
INFO 2024-08-06 03:05:33,520 views Session post-logout dict_items([])
INFO 2024-08-06 03:05:44,130 views After Login _auth_user_id: 39
INFO 2024-08-06 03:05:44,130 views After Login user id: 39
INFO 2024-08-06 03:05:47,057 views UserBooksView _auth_user_id: None
INFO 2024-08-06 03:05:47,058 views UserBooksView user id: 39
INFO 2024-08-06 03:05:49,648 views New session for 48297245
INFO 2024-08-06 03:15:04,032 views After Login _auth_user_id: 36
INFO 2024-08-06 03:15:04,033 views After Login user id: 36
INFO 2024-08-06 03:17:08,849 views After Login _auth_user_id: 36
INFO 2024-08-06 03:17:08,850 views After Login user id: 36
INFO 2024-08-06 03:17:13,891 views UserBooksView _auth_user_id: None
INFO 2024-08-06 03:17:13,892 views UserBooksView user id: 36
INFO 2024-08-06 03:17:17,335 views New session for 48297245
INFO 2024-08-06 03:19:08,451 views New session for 48297245
INFO 2024-08-06 03:19:08,452 views <django.contrib.sessions.backends.db.SessionStore object at 0x7f5a40c29c60>
INFO 2024-08-06 03:20:04,234 views New session for 48297245
INFO 2024-08-06 03:20:04,235 views dict_keys(['48297245'])
INFO 2024-08-06 03:20:08,578 views dict_keys([])
INFO 2024-08-06 03:24:44,601 views UserBooksView _auth_user_id: None
INFO 2024-08-06 03:24:44,608 views UserBooksView user id: 36
INFO 2024-08-06 03:24:53,047 views New session for 48297245
INFO 2024-08-06 03:24:53,048 views dict_keys(['48297245'])
INFO 2024-08-06 03:24:56,476 views dict_keys([])
INFO 2024-08-06 03:25:03,097 views dict_keys([])
INFO 2024-08-06 03:26:37,756 views UserBooksView _auth_user_id: None
INFO 2024-08-06 03:26:37,756 views UserBooksView user id: 36
INFO 2024-08-06 03:26:39,948 views New session for 48297245
INFO 2024-08-06 03:26:39,948 views dict_keys(['48297245'])
INFO 2024-08-06 03:26:39,949 views None
INFO 2024-08-06 03:29:58,782 views UserBooksView _auth_user_id: None
INFO 2024-08-06 03:29:58,782 views UserBooksView user id: 36
INFO 2024-08-06 03:30:04,307 views Inside CompareBookView
INFO 2024-08-06 03:30:04,308 views New session for 48297245
INFO 2024-08-06 03:30:04,308 views dict_keys(['48297245'])
INFO 2024-08-06 03:30:04,309 views None
INFO 2024-08-06 03:33:17,805 views UserBooksView _auth_user_id: None
INFO 2024-08-06 03:33:17,806 views UserBooksView user id: 36
INFO 2024-08-06 03:33:21,216 views Inside CompareBookView
INFO 2024-08-06 03:33:21,217 views New session for 48297245
INFO 2024-08-06 03:33:21,218 views dict_keys(['48297245'])
INFO 2024-08-06 03:33:21,218 views None
INFO 2024-08-06 03:35:06,755 views Inside CompareBookView
INFO 2024-08-06 03:35:06,756 views New session for 48297245
INFO 2024-08-06 03:35:06,757 views dict_keys(['48297245'])
INFO 2024-08-06 03:35:06,758 views None
INFO 2024-08-06 03:37:03,029 views UserBooksView _auth_user_id: None
INFO 2024-08-06 03:37:03,030 views UserBooksView user id: 36
INFO 2024-08-06 03:37:06,561 views Inside CompareBookView
INFO 2024-08-06 03:37:06,562 views New session for 48297245
INFO 2024-08-06 03:37:06,562 views dict_keys(['48297245'])
INFO 2024-08-06 03:37:06,563 views None
INFO 2024-08-06 03:40:42,581 views UserBooksView _auth_user_id: None
INFO 2024-08-06 03:40:42,582 views UserBooksView user id: 36
INFO 2024-08-06 03:40:49,882 views Inside CompareBookView
INFO 2024-08-06 03:40:49,883 views New session for 48297245
INFO 2024-08-06 03:40:49,883 views dict_keys(['48297245'])
INFO 2024-08-06 03:40:49,884 views None
INFO 2024-08-06 03:43:22,179 views Inside CompareBookView
INFO 2024-08-06 03:43:22,179 views New session for 48297245
INFO 2024-08-06 03:43:22,180 views dict_keys(['48297245'])
INFO 2024-08-06 03:43:22,181 views None
INFO 2024-08-06 03:45:00,964 views UserBooksView _auth_user_id: None
INFO 2024-08-06 03:45:00,965 views UserBooksView user id: 36
INFO 2024-08-06 03:45:03,102 views Inside CompareBookView
INFO 2024-08-06 03:45:03,102 views New session for 48297245
INFO 2024-08-06 03:45:03,103 views dict_keys(['48297245'])
INFO 2024-08-06 03:45:03,104 views xic0u46gu75g6bpflp5fmoxri48rnry6
INFO 2024-08-06 03:45:11,365 views dict_keys([])
INFO 2024-08-06 03:45:11,366 views None
INFO 2024-08-06 03:47:09,561 views UserBooksView _auth_user_id: None
INFO 2024-08-06 03:47:09,561 views UserBooksView user id: 36
INFO 2024-08-06 03:47:12,695 views Inside CompareBookView
INFO 2024-08-06 03:47:12,696 views New session for 48297245
INFO 2024-08-06 03:47:12,696 views dict_keys(['48297245'])
INFO 2024-08-06 03:47:12,697 views 5ola66hrgsyn3pzybr3gs2b935zv6e0k
INFO 2024-08-06 03:48:42,110 views Inside CompareBookView
INFO 2024-08-06 03:48:42,111 views New session for 48297245
INFO 2024-08-06 03:48:42,112 views dict_keys(['48297245'])
INFO 2024-08-06 03:48:42,113 views 5hotti70jqaqoq9hd3tnhk7ad6gmxk1a
INFO 2024-08-06 03:48:46,863 views dict_keys([])
INFO 2024-08-06 03:48:46,863 views None
INFO 2024-08-06 03:51:02,188 views UserBooksView _auth_user_id: None
INFO 2024-08-06 03:51:02,188 views UserBooksView user id: 36
INFO 2024-08-06 03:51:04,888 views Inside CompareBookView
INFO 2024-08-06 03:51:04,889 views New session for 48297245
INFO 2024-08-06 03:51:04,889 views dict_keys(['48297245'])
INFO 2024-08-06 03:51:04,890 views y4k9k2lzp1ii7uoxvsqqlmkb6e7bfd6v
INFO 2024-08-06 03:51:06,480 views dict_keys([])
INFO 2024-08-06 03:51:06,480 views None
INFO 2024-08-06 03:52:54,224 views dict_keys([])
INFO 2024-08-06 03:52:54,225 views None
INFO 2024-08-06 03:55:08,054 views Inside CompareBookView
INFO 2024-08-06 03:55:08,054 views New session for 48297245
INFO 2024-08-06 03:55:08,055 views dict_keys(['48297245'])
INFO 2024-08-06 03:55:08,056 views sm2zqcssfzcq9xwpz1yf9hrt4dysx1ls
INFO 2024-08-06 03:55:09,365 views dict_keys([])
INFO 2024-08-06 03:55:09,370 views None
INFO 2024-08-06 03:55:14,165 views dict_keys([])
INFO 2024-08-06 03:55:14,166 views None
INFO 2024-08-06 03:55:21,952 views Inside CompareBookView
INFO 2024-08-06 03:55:21,953 views New session for 48297245
INFO 2024-08-06 03:55:21,953 views dict_keys(['48297245'])
INFO 2024-08-06 03:55:21,954 views 71mksua61109z00905erh6fqmjtlkhk0
INFO 2024-08-06 03:55:23,912 views dict_keys([])
INFO 2024-08-06 03:55:23,913 views None
INFO 2024-08-06 03:56:25,922 views After Login _auth_user_id: 36
INFO 2024-08-06 03:56:25,923 views After Login user id: 36
INFO 2024-08-06 03:56:27,568 views UserBooksView _auth_user_id: None
INFO 2024-08-06 03:56:27,569 views UserBooksView user id: 36
INFO 2024-08-06 03:56:28,645 views Inside CompareBookView
INFO 2024-08-06 03:56:28,646 views New session for 48297245
INFO 2024-08-06 03:56:28,646 views dict_keys(['48297245'])
INFO 2024-08-06 03:56:28,647 views nao48xmcw4whn8y6fimfh2siq7lxmwea
INFO 2024-08-06 03:56:29,642 views dict_keys([])
INFO 2024-08-06 03:56:29,643 views None
INFO 2024-08-06 03:56:53,655 views UserBooksView _auth_user_id: None
INFO 2024-08-06 03:56:53,656 views UserBooksView user id: 36
INFO 2024-08-06 03:56:55,169 views UserBooksView _auth_user_id: None
INFO 2024-08-06 03:56:55,170 views UserBooksView user id: 36
INFO 2024-08-06 03:57:05,419 views After Login _auth_user_id: 36
INFO 2024-08-06 03:57:05,420 views After Login user id: 36
INFO 2024-08-06 03:57:20,143 views UserBooksView _auth_user_id: None
INFO 2024-08-06 03:57:20,144 views UserBooksView user id: 36
INFO 2024-08-06 03:57:21,255 views Inside CompareBookView
INFO 2024-08-06 03:57:21,255 views New session for 48297245
INFO 2024-08-06 03:57:21,256 views dict_keys(['48297245'])
INFO 2024-08-06 03:57:21,257 views 3u1c7bv5p6421a4wr7diy6j4bl84u264
INFO 2024-08-06 03:57:26,983 views dict_keys([])
INFO 2024-08-06 03:57:26,984 views None
INFO 2024-08-06 03:57:30,251 views dict_keys([])
INFO 2024-08-06 03:57:30,251 views None
INFO 2024-08-06 04:02:55,118 views After Login _auth_user_id: 36
INFO 2024-08-06 04:02:55,119 views After Login user id: 36
INFO 2024-08-06 04:02:59,109 views UserBooksView _auth_user_id: None
INFO 2024-08-06 04:02:59,110 views UserBooksView user id: 36
INFO 2024-08-06 04:03:07,546 views Inside CompareBookView
INFO 2024-08-06 04:03:07,546 views New session for 48297245
INFO 2024-08-06 04:03:07,547 views dict_keys(['48297245'])
INFO 2024-08-06 04:03:07,548 views mb0j9ropqse09vtokhrmujv0ep41uox6
INFO 2024-08-06 04:03:10,344 views dict_keys([])
INFO 2024-08-06 04:03:10,344 views ynvgz2gncebtkiq5a65cj7b2g78x09yz
INFO 2024-08-06 04:04:38,152 views UserBooksView _auth_user_id: None
INFO 2024-08-06 04:04:38,153 views UserBooksView user id: 36
INFO 2024-08-06 04:04:46,146 views Inside CompareBookView
INFO 2024-08-06 04:04:46,147 views New session for 48297245
INFO 2024-08-06 04:04:46,148 views dict_keys(['48297245'])
INFO 2024-08-06 04:04:46,149 views qqumxu66w2sd4mgnys1qnn3xt63vgf2d
INFO 2024-08-06 04:04:53,360 views dict_keys([])
INFO 2024-08-06 04:04:53,361 views faml2k3201qwor44161wy4kk9xygz7uf
INFO 2024-08-06 04:06:15,861 views After Login _auth_user_id: 39
INFO 2024-08-06 04:06:15,862 views After Login user id: 39
INFO 2024-08-06 04:06:19,041 views UserBooksView _auth_user_id: None
INFO 2024-08-06 04:06:19,042 views UserBooksView user id: 39
INFO 2024-08-06 04:06:20,410 views Inside CompareBookView
INFO 2024-08-06 04:06:20,410 views New session for 48297245
INFO 2024-08-06 04:06:20,411 views dict_keys(['48297245'])
INFO 2024-08-06 04:06:20,411 views 1ib36dbe99rgd7lg0cmr7gb7fubb5lmu
INFO 2024-08-06 04:06:31,227 views Inside CompareBookView
INFO 2024-08-06 04:06:31,228 views New session for 48297245
INFO 2024-08-06 04:06:31,228 views dict_keys(['48297245'])
INFO 2024-08-06 04:06:31,229 views y05rdsszlwxbiq1uk2y640el9j03v06a
INFO 2024-08-06 04:07:35,697 views Inside CompareBookView
INFO 2024-08-06 04:07:35,698 views New session for 48297245
INFO 2024-08-06 04:07:35,698 views dict_keys(['48297245'])
INFO 2024-08-06 04:07:35,699 views hcds4xrfl4x6lebx3n6lo9tdy491upqj
INFO 2024-08-08 02:23:46,428 views After Login _auth_user_id: 39
INFO 2024-08-08 02:23:46,429 views After Login user id: 39
INFO 2024-08-08 02:24:00,656 views After Login _auth_user_id: 39
INFO 2024-08-08 02:24:00,657 views After Login user id: 39
INFO 2024-08-08 02:25:06,116 views After Login _auth_user_id: 39
INFO 2024-08-08 02:25:06,116 views After Login user id: 39
INFO 2024-08-08 02:26:48,120 views After Login _auth_user_id: 39
INFO 2024-08-08 02:26:48,122 views After Login user id: 39
INFO 2024-08-08 02:27:21,869 views UserBooksView _auth_user_id: 39
INFO 2024-08-08 02:27:21,874 views UserBooksView user id: 39
INFO 2024-08-08 02:27:36,303 views Inside CompareBookView
INFO 2024-08-08 02:27:36,303 views New session for 48297245
INFO 2024-08-08 02:27:36,304 views dict_keys(['_auth_user_id', '_auth_user_backend', '_auth_user_hash', '48297245'])
INFO 2024-08-08 02:27:36,305 views 7c1spgtd3wnyyrifhrvrzx4ns36oybpx
INFO 2024-08-08 02:27:38,781 views dict_keys(['_auth_user_id', '_auth_user_backend', '_auth_user_hash', '48297245'])
INFO 2024-08-08 02:27:38,782 views 7c1spgtd3wnyyrifhrvrzx4ns36oybpx
INFO 2024-08-08 02:27:43,775 views dict_keys(['_auth_user_id', '_auth_user_backend', '_auth_user_hash', '48297245'])
INFO 2024-08-08 02:27:43,776 views 7c1spgtd3wnyyrifhrvrzx4ns36oybpx
INFO 2024-08-08 02:27:45,011 views dict_keys(['_auth_user_id', '_auth_user_backend', '_auth_user_hash', '48297245'])
INFO 2024-08-08 02:27:45,013 views 7c1spgtd3wnyyrifhrvrzx4ns36oybpx
INFO 2024-08-08 02:27:45,219 views Inside CompareBookView
INFO 2024-08-08 02:27:45,220 views New session for 18183653
INFO 2024-08-08 02:27:45,221 views dict_keys(['_auth_user_id', '_auth_user_backend', '_auth_user_hash', '48297245', '18183653'])
INFO 2024-08-08 02:27:45,222 views 7c1spgtd3wnyyrifhrvrzx4ns36oybpx
INFO 2024-08-08 02:27:49,910 views UserBooksView _auth_user_id: 39
INFO 2024-08-08 02:27:49,911 views UserBooksView user id: 39
INFO 2024-08-08 02:28:37,055 views UserBooksView _auth_user_id: 39
INFO 2024-08-08 02:28:37,059 views UserBooksView user id: 39
INFO 2024-08-08 02:29:45,830 views Inside CompareBookView
INFO 2024-08-08 02:29:45,830 views New session for 4640799
INFO 2024-08-08 02:29:45,831 views dict_keys(['_auth_user_id', '_auth_user_backend', '_auth_user_hash', '48297245', '18183653', '4640799'])
INFO 2024-08-08 02:29:45,831 views 7c1spgtd3wnyyrifhrvrzx4ns36oybpx
INFO 2024-08-08 02:29:47,932 views UserBooksView _auth_user_id: 39
INFO 2024-08-08 02:29:47,933 views UserBooksView user id: 39
INFO 2024-08-08 02:31:06,779 views UserBooksView _auth_user_id: 39
INFO 2024-08-08 02:31:06,783 views UserBooksView user id: 39
INFO 2024-08-08 02:32:46,748 views UserBooksView _auth_user_id: 39
INFO 2024-08-08 02:32:46,750 views UserBooksView user id: 39
INFO 2024-08-08 02:33:15,531 views UserBooksView _auth_user_id: 39
INFO 2024-08-08 02:33:15,532 views UserBooksView user id: 39
INFO 2024-08-08 02:33:29,153 views UserBooksView _auth_user_id: 39
INFO 2024-08-08 02:33:29,156 views UserBooksView user id: 39
INFO 2024-08-08 02:34:08,681 views UserBooksView _auth_user_id: 39
INFO 2024-08-08 02:34:08,682 views UserBooksView user id: 39
INFO 2024-08-08 02:44:53,932 views UserBooksView _auth_user_id: 39
INFO 2024-08-08 02:44:53,933 views UserBooksView user id: 39
INFO 2024-08-08 02:46:13,634 views UserBooksView _auth_user_id: 39
INFO 2024-08-08 02:46:13,635 views UserBooksView user id: 39
INFO 2024-08-08 02:48:11,803 views UserBooksView _auth_user_id: 39
INFO 2024-08-08 02:48:11,804 views UserBooksView user id: 39
INFO 2024-08-08 02:48:18,200 views UserBooksView _auth_user_id: 39
INFO 2024-08-08 02:48:18,201 views UserBooksView user id: 39
INFO 2024-08-08 02:48:36,065 views UserBooksView _auth_user_id: 39
INFO 2024-08-08 02:48:36,065 views UserBooksView user id: 39
INFO 2024-08-08 02:48:55,575 views UserBooksView _auth_user_id: 39
INFO 2024-08-08 02:48:55,577 views UserBooksView user id: 39
INFO 2024-08-08 02:49:48,760 views UserBooksView _auth_user_id: 39
INFO 2024-08-08 02:49:48,763 views UserBooksView user id: 39
INFO 2024-08-08 02:51:12,407 views UserBooksView _auth_user_id: 39
INFO 2024-08-08 02:51:12,408 views UserBooksView user id: 39
INFO 2024-08-08 02:51:26,006 views UserBooksView _auth_user_id: 39
INFO 2024-08-08 02:51:26,007 views UserBooksView user id: 39
INFO 2024-08-08 02:52:30,322 views UserBooksView _auth_user_id: 39
INFO 2024-08-08 02:52:30,325 views UserBooksView user id: 39
INFO 2024-08-08 02:52:42,203 views dict_keys(['_auth_user_id', '_auth_user_backend', '_auth_user_hash', '48297245', '18183653', '4640799'])
INFO 2024-08-08 02:52:42,208 views 7c1spgtd3wnyyrifhrvrzx4ns36oybpx
INFO 2024-08-08 02:52:42,436 views Inside CompareBookView
INFO 2024-08-08 02:52:42,437 views New session for 64339
INFO 2024-08-08 02:52:42,437 views dict_keys(['_auth_user_id', '_auth_user_backend', '_auth_user_hash', '48297245', '18183653', '4640799', '64339'])
INFO 2024-08-08 02:52:42,438 views 7c1spgtd3wnyyrifhrvrzx4ns36oybpx
INFO 2024-08-08 02:53:04,371 views UserBooksView _auth_user_id: 39
INFO 2024-08-08 02:53:04,375 views UserBooksView user id: 39
INFO 2024-08-08 02:53:06,381 views UserBooksView _auth_user_id: 39
INFO 2024-08-08 02:53:06,382 views UserBooksView user id: 39
INFO 2024-08-08 02:53:34,494 views dict_keys(['_auth_user_id', '_auth_user_backend', '_auth_user_hash', '48297245', '18183653', '4640799', '64339'])
INFO 2024-08-08 02:53:34,496 views 7c1spgtd3wnyyrifhrvrzx4ns36oybpx
INFO 2024-08-08 02:53:36,180 views dict_keys(['_auth_user_id', '_auth_user_backend', '_auth_user_hash', '48297245', '18183653', '4640799', '64339'])
INFO 2024-08-08 02:53:36,181 views 7c1spgtd3wnyyrifhrvrzx4ns36oybpx
INFO 2024-08-08 02:53:36,384 views Inside CompareBookView
INFO 2024-08-08 02:53:36,384 views New session for 52472813
INFO 2024-08-08 02:53:36,385 views dict_keys(['_auth_user_id', '_auth_user_backend', '_auth_user_hash', '48297245', '18183653', '4640799', '64339', '52472813'])
INFO 2024-08-08 02:53:36,385 views 7c1spgtd3wnyyrifhrvrzx4ns36oybpx
INFO 2024-08-08 02:53:54,851 views dict_keys(['_auth_user_id', '_auth_user_backend', '_auth_user_hash', '48297245', '18183653', '4640799', '64339', '52472813'])
INFO 2024-08-08 02:53:54,852 views 7c1spgtd3wnyyrifhrvrzx4ns36oybpx
INFO 2024-08-08 02:53:56,619 views dict_keys(['_auth_user_id', '_auth_user_backend', '_auth_user_hash', '48297245', '18183653', '4640799', '64339', '52472813'])
INFO 2024-08-08 02:53:56,620 views 7c1spgtd3wnyyrifhrvrzx4ns36oybpx
INFO 2024-08-08 02:53:59,561 views dict_keys(['_auth_user_id', '_auth_user_backend', '_auth_user_hash', '48297245', '18183653', '4640799', '64339', '52472813'])
INFO 2024-08-08 02:53:59,563 views 7c1spgtd3wnyyrifhrvrzx4ns36oybpx
INFO 2024-08-08 02:53:59,758 views Inside CompareBookView
INFO 2024-08-08 02:53:59,758 views New session for 46213537
INFO 2024-08-08 02:53:59,759 views dict_keys(['_auth_user_id', '_auth_user_backend', '_auth_user_hash', '48297245', '18183653', '4640799', '64339', '52472813', '46213537'])
INFO 2024-08-08 02:53:59,760 views 7c1spgtd3wnyyrifhrvrzx4ns36oybpx
INFO 2024-08-08 02:54:29,349 views UserBooksView _auth_user_id: 39
INFO 2024-08-08 02:54:29,349 views UserBooksView user id: 39
INFO 2024-08-08 02:55:04,147 views UserBooksView _auth_user_id: 39
INFO 2024-08-08 02:55:04,156 views UserBooksView user id: 39
INFO 2024-08-08 02:55:21,619 views dict_keys(['_auth_user_id', '_auth_user_backend', '_auth_user_hash', '48297245', '18183653', '4640799', '64339', '52472813', '46213537'])
INFO 2024-08-08 02:55:21,621 views 7c1spgtd3wnyyrifhrvrzx4ns36oybpx
INFO 2024-08-08 02:55:22,923 views dict_keys(['_auth_user_id', '_auth_user_backend', '_auth_user_hash', '48297245', '18183653', '4640799', '64339', '52472813', '46213537'])
INFO 2024-08-08 02:55:22,925 views 7c1spgtd3wnyyrifhrvrzx4ns36oybpx
INFO 2024-08-08 02:55:25,706 views dict_keys(['_auth_user_id', '_auth_user_backend', '_auth_user_hash', '48297245', '18183653', '4640799', '64339', '52472813', '46213537'])
INFO 2024-08-08 02:55:25,707 views 7c1spgtd3wnyyrifhrvrzx4ns36oybpx
INFO 2024-08-08 02:55:25,851 views Inside CompareBookView
INFO 2024-08-08 02:55:25,852 views New session for 26115977
INFO 2024-08-08 02:55:25,852 views dict_keys(['_auth_user_id', '_auth_user_backend', '_auth_user_hash', '48297245', '18183653', '4640799', '64339', '52472813', '46213537', '26115977'])
INFO 2024-08-08 02:55:25,853 views 7c1spgtd3wnyyrifhrvrzx4ns36oybpx
INFO 2024-08-08 02:56:48,519 views UserBooksView _auth_user_id: 39
INFO 2024-08-08 02:56:48,520 views UserBooksView user id: 39
INFO 2024-08-08 02:57:12,000 views UserBooksView _auth_user_id: 39
INFO 2024-08-08 02:57:12,001 views UserBooksView user id: 39
INFO 2024-08-08 02:57:17,235 views UserBooksView _auth_user_id: 39
INFO 2024-08-08 02:57:17,241 views UserBooksView user id: 39
INFO 2024-08-08 02:59:30,073 views UserBooksView _auth_user_id: 39
INFO 2024-08-08 02:59:30,074 views UserBooksView user id: 39
INFO 2024-08-08 03:00:02,829 views UserBooksView _auth_user_id: 39
INFO 2024-08-08 03:00:02,830 views UserBooksView user id: 39
INFO 2024-08-08 22:52:49,983 views After Login _auth_user_id: 39
INFO 2024-08-08 22:52:49,986 views After Login user id: 39
INFO 2024-08-08 23:01:08,297 views UserBooksView _auth_user_id: 39
INFO 2024-08-08 23:01:08,298 views UserBooksView user id: 39
INFO 2024-08-08 23:01:31,710 views UserBooksView _auth_user_id: 39
INFO 2024-08-08 23:01:31,711 views UserBooksView user id: 39
INFO 2024-08-08 23:02:03,443 views UserBooksView _auth_user_id: 39
INFO 2024-08-08 23:02:03,444 views UserBooksView user id: 39
INFO 2024-08-08 23:02:14,575 views UserBooksView _auth_user_id: 39
INFO 2024-08-08 23:02:14,575 views UserBooksView user id: 39
INFO 2024-08-08 23:02:30,770 views UserBooksView _auth_user_id: 39
INFO 2024-08-08 23:02:30,771 views UserBooksView user id: 39
INFO 2024-08-08 23:02:58,661 views UserBooksView _auth_user_id: 39
INFO 2024-08-08 23:02:58,662 views UserBooksView user id: 39
INFO 2024-08-08 23:03:10,311 views UserBooksView _auth_user_id: 39
INFO 2024-08-08 23:03:10,312 views UserBooksView user id: 39
INFO 2024-08-08 23:03:22,692 views UserBooksView _auth_user_id: 39
INFO 2024-08-08 23:03:22,693 views UserBooksView user id: 39
INFO 2024-08-08 23:04:24,593 views UserBooksView _auth_user_id: 39
INFO 2024-08-08 23:04:24,593 views UserBooksView user id: 39
INFO 2024-08-08 23:04:38,812 views UserBooksView _auth_user_id: 39
INFO 2024-08-08 23:04:38,813 views UserBooksView user id: 39
INFO 2024-08-08 23:04:59,610 views UserBooksView _auth_user_id: 39
INFO 2024-08-08 23:04:59,611 views UserBooksView user id: 39
INFO 2024-08-08 23:05:50,184 views UserBooksView _auth_user_id: 39
INFO 2024-08-08 23:05:50,185 views UserBooksView user id: 39
INFO 2024-08-08 23:06:17,031 views UserBooksView _auth_user_id: 39
INFO 2024-08-08 23:06:17,032 views UserBooksView user id: 39
INFO 2024-08-08 23:07:09,043 views UserBooksView _auth_user_id: 39
INFO 2024-08-08 23:07:09,044 views UserBooksView user id: 39
INFO 2024-08-08 23:07:18,193 views UserBooksView _auth_user_id: 39
INFO 2024-08-08 23:07:18,193 views UserBooksView user id: 39
INFO 2024-08-08 23:08:06,652 views UserBooksView _auth_user_id: 39
INFO 2024-08-08 23:08:06,653 views UserBooksView user id: 39
INFO 2024-08-08 23:08:49,571 views UserBooksView _auth_user_id: 39
INFO 2024-08-08 23:08:49,572 views UserBooksView user id: 39
INFO 2024-08-08 23:09:00,593 views UserBooksView _auth_user_id: 39
INFO 2024-08-08 23:09:00,594 views UserBooksView user id: 39
INFO 2024-08-08 23:09:10,853 views UserBooksView _auth_user_id: 39
INFO 2024-08-08 23:09:10,854 views UserBooksView user id: 39
INFO 2024-08-08 23:09:25,837 views UserBooksView _auth_user_id: 39
INFO 2024-08-08 23:09:25,838 views UserBooksView user id: 39
INFO 2024-08-08 23:09:28,776 views UserBooksView _auth_user_id: 39
INFO 2024-08-08 23:09:28,777 views UserBooksView user id: 39
INFO 2024-08-08 23:09:45,849 views UserBooksView _auth_user_id: 39
INFO 2024-08-08 23:09:45,850 views UserBooksView user id: 39
INFO 2024-08-08 23:09:46,812 views UserBooksView _auth_user_id: 39
INFO 2024-08-08 23:09:46,812 views UserBooksView user id: 39
INFO 2024-08-08 23:09:52,378 views UserBooksView _auth_user_id: 39
INFO 2024-08-08 23:09:52,379 views UserBooksView user id: 39
INFO 2024-08-08 23:09:54,538 views UserBooksView _auth_user_id: 39
INFO 2024-08-08 23:09:54,539 views UserBooksView user id: 39
INFO 2024-08-08 23:10:13,860 views UserBooksView _auth_user_id: 39
INFO 2024-08-08 23:10:13,861 views UserBooksView user id: 39
INFO 2024-08-08 23:10:14,584 views UserBooksView _auth_user_id: 39
INFO 2024-08-08 23:10:14,585 views UserBooksView user id: 39
INFO 2024-08-08 23:10:44,692 views UserBooksView _auth_user_id: 39
INFO 2024-08-08 23:10:44,692 views UserBooksView user id: 39
INFO 2024-08-08 23:10:56,363 views UserBooksView _auth_user_id: 39
INFO 2024-08-08 23:10:56,364 views UserBooksView user id: 39
INFO 2024-08-08 23:20:53,265 views UserBooksView _auth_user_id: 39
INFO 2024-08-08 23:20:53,266 views UserBooksView user id: 39
INFO 2024-08-08 23:20:55,116 views Inside CompareBookView
INFO 2024-08-08 23:20:55,117 views New session for 26115977
INFO 2024-08-08 23:20:55,117 views dict_keys(['_auth_user_id', '_auth_user_backend', '_auth_user_hash', '26115977'])
INFO 2024-08-08 23:20:55,118 views ai8wwtjxmcuznsffiijwbsrqwksfvq0g
INFO 2024-08-08 23:21:32,262 views UserBooksView _auth_user_id: 39
INFO 2024-08-08 23:21:32,262 views UserBooksView user id: 39
INFO 2024-08-08 23:21:39,824 views UserBooksView _auth_user_id: 39
INFO 2024-08-08 23:21:39,824 views UserBooksView user id: 39
INFO 2024-08-08 23:21:44,078 views UserBooksView _auth_user_id: 39
INFO 2024-08-08 23:21:44,079 views UserBooksView user id: 39
INFO 2024-08-08 23:28:47,419 views UserBooksView _auth_user_id: 39
INFO 2024-08-08 23:28:47,424 views UserBooksView user id: 39
INFO 2024-08-08 23:29:21,781 views UserBooksView _auth_user_id: 39
INFO 2024-08-08 23:29:21,782 views UserBooksView user id: 39
INFO 2024-08-08 23:29:37,160 views UserBooksView _auth_user_id: 39
INFO 2024-08-08 23:29:37,160 views UserBooksView user id: 39
INFO 2024-08-08 23:29:51,296 views UserBooksView _auth_user_id: 39
INFO 2024-08-08 23:29:51,297 views UserBooksView user id: 39
INFO 2024-08-08 23:30:44,627 views UserBooksView _auth_user_id: 39
INFO 2024-08-08 23:30:44,628 views UserBooksView user id: 39
INFO 2024-08-08 23:30:57,677 views UserBooksView _auth_user_id: 39
INFO 2024-08-08 23:30:57,678 views UserBooksView user id: 39
INFO 2024-08-08 23:31:13,304 views UserBooksView _auth_user_id: 39
INFO 2024-08-08 23:31:13,304 views UserBooksView user id: 39
INFO 2024-08-08 23:32:34,713 views UserBooksView _auth_user_id: 39
INFO 2024-08-08 23:32:34,718 views UserBooksView user id: 39
INFO 2024-08-08 23:36:52,425 views UserBooksView _auth_user_id: 39
INFO 2024-08-08 23:36:52,426 views UserBooksView user id: 39
INFO 2024-08-08 23:39:54,776 views UserBooksView _auth_user_id: 39
INFO 2024-08-08 23:39:54,776 views UserBooksView user id: 39
INFO 2024-08-08 23:40:23,098 views Inside CompareBookView
INFO 2024-08-08 23:40:23,099 views New session for 1494157
INFO 2024-08-08 23:40:23,100 views dict_keys(['_auth_user_id', '_auth_user_backend', '_auth_user_hash', '26115977', '1494157'])
INFO 2024-08-08 23:40:23,101 views ai8wwtjxmcuznsffiijwbsrqwksfvq0g
INFO 2024-08-08 23:49:28,149 views Inside CompareBookView
INFO 2024-08-08 23:49:28,150 views New session for 2963218
INFO 2024-08-08 23:49:28,151 views dict_keys(['_auth_user_id', '_auth_user_backend', '_auth_user_hash', '26115977', '1494157', '2963218'])
INFO 2024-08-08 23:49:28,152 views ai8wwtjxmcuznsffiijwbsrqwksfvq0g
INFO 2024-08-08 23:49:38,024 views dict_keys(['_auth_user_id', '_auth_user_backend', '_auth_user_hash', '26115977', '1494157', '2963218'])
INFO 2024-08-08 23:49:38,025 views ai8wwtjxmcuznsffiijwbsrqwksfvq0g
INFO 2024-08-08 23:49:42,513 views dict_keys(['_auth_user_id', '_auth_user_backend', '_auth_user_hash', '26115977', '1494157', '2963218'])
INFO 2024-08-08 23:49:42,515 views ai8wwtjxmcuznsffiijwbsrqwksfvq0g
INFO 2024-08-08 23:49:44,455 views dict_keys(['_auth_user_id', '_auth_user_backend', '_auth_user_hash', '26115977', '1494157', '2963218'])
INFO 2024-08-08 23:49:44,456 views ai8wwtjxmcuznsffiijwbsrqwksfvq0g
INFO 2024-08-08 23:51:24,344 views UserBooksView _auth_user_id: 39
INFO 2024-08-08 23:51:24,345 views UserBooksView user id: 39
INFO 2024-08-08 23:51:39,002 views dict_keys(['_auth_user_id', '_auth_user_backend', '_auth_user_hash', '26115977', '1494157', '2963218'])
INFO 2024-08-08 23:51:39,003 views ai8wwtjxmcuznsffiijwbsrqwksfvq0g
INFO 2024-08-08 23:51:40,084 views dict_keys(['_auth_user_id', '_auth_user_backend', '_auth_user_hash', '26115977', '1494157', '2963218'])
INFO 2024-08-08 23:51:40,085 views ai8wwtjxmcuznsffiijwbsrqwksfvq0g
INFO 2024-08-08 23:51:41,159 views dict_keys(['_auth_user_id', '_auth_user_backend', '_auth_user_hash', '26115977', '1494157', '2963218'])
INFO 2024-08-08 23:51:41,160 views ai8wwtjxmcuznsffiijwbsrqwksfvq0g
INFO 2024-08-08 23:51:41,378 views Inside CompareBookView
INFO 2024-08-08 23:51:41,379 views New session for 979095
INFO 2024-08-08 23:51:41,381 views dict_keys(['_auth_user_id', '_auth_user_backend', '_auth_user_hash', '26115977', '1494157', '2963218', '979095'])
INFO 2024-08-08 23:51:41,384 views ai8wwtjxmcuznsffiijwbsrqwksfvq0g
INFO 2024-08-08 23:51:57,142 views UserBooksView _auth_user_id: 39
INFO 2024-08-08 23:51:57,144 views UserBooksView user id: 39
INFO 2024-08-08 23:57:01,842 views UserBooksView _auth_user_id: 39
INFO 2024-08-08 23:57:01,843 views UserBooksView user id: 39
INFO 2024-08-09 03:55:53,920 views Inside CompareBookView
INFO 2024-08-09 03:55:53,922 views New session for 2422333
INFO 2024-08-09 03:55:53,922 views dict_keys(['_auth_user_id', '_auth_user_backend', '_auth_user_hash', '26115977', '1494157', '2963218', '979095', '2422333'])
INFO 2024-08-09 03:55:53,923 views ai8wwtjxmcuznsffiijwbsrqwksfvq0g
INFO 2024-08-09 03:55:59,368 views dict_keys(['_auth_user_id', '_auth_user_backend', '_auth_user_hash', '26115977', '1494157', '2963218', '979095', '2422333'])
INFO 2024-08-09 03:55:59,369 views ai8wwtjxmcuznsffiijwbsrqwksfvq0g
INFO 2024-08-09 03:56:01,281 views dict_keys(['_auth_user_id', '_auth_user_backend', '_auth_user_hash', '26115977', '1494157', '2963218', '979095', '2422333'])
INFO 2024-08-09 03:56:01,282 views ai8wwtjxmcuznsffiijwbsrqwksfvq0g
INFO 2024-08-09 03:56:06,740 views dict_keys(['_auth_user_id', '_auth_user_backend', '_auth_user_hash', '26115977', '1494157', '2963218', '979095', '2422333'])
INFO 2024-08-09 03:56:06,741 views ai8wwtjxmcuznsffiijwbsrqwksfvq0g
INFO 2024-08-09 03:56:10,764 views UserBooksView _auth_user_id: 39
INFO 2024-08-09 03:56:10,766 views UserBooksView user id: 39
INFO 2024-08-09 03:59:02,222 views UserBooksView _auth_user_id: 39
INFO 2024-08-09 03:59:02,223 views UserBooksView user id: 39
INFO 2024-08-09 03:59:20,173 views Inside CompareBookView
INFO 2024-08-09 03:59:20,174 views New session for 15949918
INFO 2024-08-09 03:59:20,174 views dict_keys(['_auth_user_id', '_auth_user_backend', '_auth_user_hash', '26115977', '1494157', '2963218', '979095', '2422333', '15949918'])
INFO 2024-08-09 03:59:20,175 views ai8wwtjxmcuznsffiijwbsrqwksfvq0g
INFO 2024-08-09 03:59:26,022 views dict_keys(['_auth_user_id', '_auth_user_backend', '_auth_user_hash', '26115977', '1494157', '2963218', '979095', '2422333', '15949918'])
INFO 2024-08-09 03:59:26,023 views ai8wwtjxmcuznsffiijwbsrqwksfvq0g
INFO 2024-08-09 04:00:50,739 views Inside CompareBookView
INFO 2024-08-09 04:00:50,739 views New session for 1128601
INFO 2024-08-09 04:00:50,740 views dict_keys(['_auth_user_id', '_auth_user_backend', '_auth_user_hash', '26115977', '1494157', '2963218', '979095', '2422333', '15949918', '1128601'])
INFO 2024-08-09 04:00:50,741 views ai8wwtjxmcuznsffiijwbsrqwksfvq0g
INFO 2024-08-09 04:00:55,170 views dict_keys(['_auth_user_id', '_auth_user_backend', '_auth_user_hash', '26115977', '1494157', '2963218', '979095', '2422333', '15949918', '1128601'])
INFO 2024-08-09 04:00:55,171 views ai8wwtjxmcuznsffiijwbsrqwksfvq0g
INFO 2024-08-09 04:00:57,784 views dict_keys(['_auth_user_id', '_auth_user_backend', '_auth_user_hash', '26115977', '1494157', '2963218', '979095', '2422333', '15949918', '1128601'])
INFO 2024-08-09 04:00:57,784 views ai8wwtjxmcuznsffiijwbsrqwksfvq0g
INFO 2024-08-09 04:04:27,901 views dict_keys(['_auth_user_id', '_auth_user_backend', '_auth_user_hash', '26115977', '1494157', '2963218', '979095', '2422333', '15949918', '1128601'])
INFO 2024-08-09 04:04:27,903 views ai8wwtjxmcuznsffiijwbsrqwksfvq0g
INFO 2024-08-09 04:04:30,338 views UserBooksView _auth_user_id: 39
INFO 2024-08-09 04:04:30,338 views UserBooksView user id: 39
INFO 2024-08-09 04:04:42,075 views UserBooksView _auth_user_id: 39
INFO 2024-08-09 04:04:42,077 views UserBooksView user id: 39
INFO 2024-08-09 04:07:17,264 views UserBooksView _auth_user_id: 39
INFO 2024-08-09 04:07:17,266 views UserBooksView user id: 39
INFO 2024-08-09 04:07:33,160 views UserBooksView _auth_user_id: 39
INFO 2024-08-09 04:07:33,162 views UserBooksView user id: 39
INFO 2024-08-09 04:12:00,607 views UserBooksView _auth_user_id: 39
INFO 2024-08-09 04:12:00,608 views UserBooksView user id: 39
INFO 2024-08-09 04:12:02,482 views UserBooksView _auth_user_id: 39
INFO 2024-08-09 04:12:02,483 views UserBooksView user id: 39
INFO 2024-08-09 04:13:02,116 views UserBooksView _auth_user_id: 39
INFO 2024-08-09 04:13:02,116 views UserBooksView user id: 39
INFO 2024-08-09 04:14:55,925 views UserBooksView _auth_user_id: 39
INFO 2024-08-09 04:14:55,926 views UserBooksView user id: 39
INFO 2024-08-09 04:16:12,977 views UserBooksView _auth_user_id: 39
INFO 2024-08-09 04:16:12,979 views UserBooksView user id: 39
INFO 2024-08-09 04:16:31,941 views UserBooksView _auth_user_id: 39
INFO 2024-08-09 04:16:31,941 views UserBooksView user id: 39
INFO 2024-08-09 04:17:14,105 views UserBooksView _auth_user_id: 39
INFO 2024-08-09 04:17:14,107 views UserBooksView user id: 39
INFO 2024-08-09 04:18:19,285 views UserBooksView _auth_user_id: 39
INFO 2024-08-09 04:18:19,290 views UserBooksView user id: 39
INFO 2024-08-09 04:19:05,478 views UserBooksView _auth_user_id: 39
INFO 2024-08-09 04:19:05,479 views UserBooksView user id: 39
INFO 2024-08-09 04:19:11,173 views UserBooksView _auth_user_id: 39
INFO 2024-08-09 04:19:11,174 views UserBooksView user id: 39
INFO 2024-08-09 04:19:25,606 views UserBooksView _auth_user_id: 39
INFO 2024-08-09 04:19:25,606 views UserBooksView user id: 39
INFO 2024-08-09 04:19:45,895 views UserBooksView _auth_user_id: 39
INFO 2024-08-09 04:19:45,895 views UserBooksView user id: 39
INFO 2024-08-09 04:20:35,697 views UserBooksView _auth_user_id: 39
INFO 2024-08-09 04:20:35,698 views UserBooksView user id: 39
INFO 2024-08-09 04:20:53,924 views UserBooksView _auth_user_id: 39
INFO 2024-08-09 04:20:53,925 views UserBooksView user id: 39
INFO 2024-08-09 04:21:11,088 views UserBooksView _auth_user_id: 39
INFO 2024-08-09 04:21:11,088 views UserBooksView user id: 39
INFO 2024-08-09 04:29:51,502 views UserBooksView _auth_user_id: 39
INFO 2024-08-09 04:29:51,503 views UserBooksView user id: 39
INFO 2024-08-09 04:42:17,480 views Session post-logout dict_items([])
INFO 2024-08-09 04:53:13,126 views After Login _auth_user_id: 39
INFO 2024-08-09 04:53:13,127 views After Login user id: 39
INFO 2024-08-09 04:57:27,174 views Session post-logout dict_items([])
INFO 2024-08-09 04:57:39,127 views After Login _auth_user_id: 39
INFO 2024-08-09 04:57:39,128 views After Login user id: 39
INFO 2024-08-09 04:57:44,119 views UserBooksView _auth_user_id: 39
INFO 2024-08-09 04:57:44,121 views UserBooksView user id: 39
INFO 2024-08-09 04:58:02,066 views Session post-logout dict_items([])
INFO 2024-08-10 15:21:52,297 views After Login _auth_user_id: 39
INFO 2024-08-10 15:21:52,303 views After Login user id: 39
INFO 2024-08-10 15:21:54,045 views UserBooksView _auth_user_id: 39
INFO 2024-08-10 15:21:54,047 views UserBooksView user id: 39
INFO 2024-08-10 15:22:11,937 views UserBooksView _auth_user_id: 39
INFO 2024-08-10 15:22:11,939 views UserBooksView user id: 39
INFO 2024-08-10 15:23:25,012 views UserBooksView _auth_user_id: 39
INFO 2024-08-10 15:23:25,013 views UserBooksView user id: 39
INFO 2024-08-10 15:23:40,158 views UserBooksView _auth_user_id: 39
INFO 2024-08-10 15:23:40,159 views UserBooksView user id: 39
INFO 2024-08-10 15:26:10,683 views UserBooksView _auth_user_id: 39
INFO 2024-08-10 15:26:10,684 views UserBooksView user id: 39
INFO 2024-08-10 15:28:00,880 views UserBooksView _auth_user_id: 39
INFO 2024-08-10 15:28:00,880 views UserBooksView user id: 39
INFO 2024-08-10 15:28:10,606 views UserBooksView _auth_user_id: 39
INFO 2024-08-10 15:28:10,606 views UserBooksView user id: 39
INFO 2024-08-10 15:29:31,494 views UserBooksView _auth_user_id: 39
INFO 2024-08-10 15:29:31,494 views UserBooksView user id: 39
INFO 2024-08-10 15:31:49,148 views UserBooksView _auth_user_id: 39
INFO 2024-08-10 15:31:49,149 views UserBooksView user id: 39
INFO 2024-08-10 15:35:21,411 views UserBooksView _auth_user_id: 39
INFO 2024-08-10 15:35:21,412 views UserBooksView user id: 39
INFO 2024-08-10 15:35:23,927 views UserBooksView _auth_user_id: 39
INFO 2024-08-10 15:35:23,928 views UserBooksView user id: 39
INFO 2024-08-10 15:35:51,356 views UserBooksView _auth_user_id: 39
INFO 2024-08-10 15:35:51,357 views UserBooksView user id: 39
INFO 2024-08-10 15:36:02,523 views UserBooksView _auth_user_id: 39
INFO 2024-08-10 15:36:02,524 views UserBooksView user id: 39
INFO 2024-08-10 15:38:25,702 views UserBooksView _auth_user_id: 39
INFO 2024-08-10 15:38:25,703 views UserBooksView user id: 39
INFO 2024-08-10 15:38:41,181 views UserBooksView _auth_user_id: 39
INFO 2024-08-10 15:38:41,182 views UserBooksView user id: 39
INFO 2024-08-10 15:38:52,642 views UserBooksView _auth_user_id: 39
INFO 2024-08-10 15:38:52,643 views UserBooksView user id: 39
INFO 2024-08-10 15:38:57,149 views UserBooksView _auth_user_id: 39
INFO 2024-08-10 15:38:57,150 views UserBooksView user id: 39
INFO 2024-08-10 15:40:12,863 views UserBooksView _auth_user_id: 39
INFO 2024-08-10 15:40:12,864 views UserBooksView user id: 39
INFO 2024-08-10 15:44:30,631 views Inside CompareBookView
INFO 2024-08-10 15:44:30,632 views New session for 15949918
INFO 2024-08-10 15:44:30,632 views dict_keys(['_auth_user_id', '_auth_user_backend', '_auth_user_hash', '15949918'])
INFO 2024-08-10 15:44:30,633 views 5dqwgjl9kv6q4ufonr08t3n3dkcknube
INFO 2024-08-10 15:44:48,543 views dict_keys(['_auth_user_id', '_auth_user_backend', '_auth_user_hash', '15949918'])
INFO 2024-08-10 15:44:48,544 views 5dqwgjl9kv6q4ufonr08t3n3dkcknube
INFO 2024-08-10 15:44:50,502 views dict_keys(['_auth_user_id', '_auth_user_backend', '_auth_user_hash', '15949918'])
INFO 2024-08-10 15:44:50,503 views 5dqwgjl9kv6q4ufonr08t3n3dkcknube
INFO 2024-08-10 15:44:51,886 views dict_keys(['_auth_user_id', '_auth_user_backend', '_auth_user_hash', '15949918'])
INFO 2024-08-10 15:44:51,887 views 5dqwgjl9kv6q4ufonr08t3n3dkcknube
INFO 2024-08-10 15:44:52,044 views Inside CompareBookView
INFO 2024-08-10 15:44:52,045 views New session for 979095
INFO 2024-08-10 15:44:52,045 views dict_keys(['_auth_user_id', '_auth_user_backend', '_auth_user_hash', '15949918', '979095'])
INFO 2024-08-10 15:44:52,046 views 5dqwgjl9kv6q4ufonr08t3n3dkcknube
INFO 2024-08-10 15:45:23,841 views dict_keys(['_auth_user_id', '_auth_user_backend', '_auth_user_hash', '15949918', '979095'])
INFO 2024-08-10 15:45:23,842 views 5dqwgjl9kv6q4ufonr08t3n3dkcknube
INFO 2024-08-10 15:45:23,996 views Inside CompareBookView
INFO 2024-08-10 15:45:23,996 views New session for 12873035
INFO 2024-08-10 15:45:23,997 views dict_keys(['_auth_user_id', '_auth_user_backend', '_auth_user_hash', '15949918', '979095', '12873035'])
INFO 2024-08-10 15:45:23,998 views 5dqwgjl9kv6q4ufonr08t3n3dkcknube
INFO 2024-08-10 15:47:37,367 views UserBooksView _auth_user_id: 39
INFO 2024-08-10 15:47:37,368 views UserBooksView user id: 39
INFO 2024-08-10 15:48:40,716 views UserBooksView _auth_user_id: 39
INFO 2024-08-10 15:48:40,716 views UserBooksView user id: 39
INFO 2024-08-10 15:49:01,713 views UserBooksView _auth_user_id: 39
INFO 2024-08-10 15:49:01,714 views UserBooksView user id: 39
INFO 2024-08-10 15:49:32,972 views UserBooksView _auth_user_id: 39
INFO 2024-08-10 15:49:32,973 views UserBooksView user id: 39
INFO 2024-08-10 15:49:42,075 views UserBooksView _auth_user_id: 39
INFO 2024-08-10 15:49:42,076 views UserBooksView user id: 39
INFO 2024-08-10 15:51:28,975 views UserBooksView _auth_user_id: 39
INFO 2024-08-10 15:51:28,976 views UserBooksView user id: 39
INFO 2024-08-10 15:52:34,636 views UserBooksView _auth_user_id: 39
INFO 2024-08-10 15:52:34,637 views UserBooksView user id: 39
INFO 2024-08-10 15:55:02,914 views UserBooksView _auth_user_id: 39
INFO 2024-08-10 15:55:02,915 views UserBooksView user id: 39
INFO 2024-08-10 15:55:11,173 views Inside CompareBookView
INFO 2024-08-10 15:55:11,174 views New session for 25339401
INFO 2024-08-10 15:55:11,174 views dict_keys(['_auth_user_id', '_auth_user_backend', '_auth_user_hash', '15949918', '979095', '12873035', '25339401'])
INFO 2024-08-10 15:55:11,175 views 5dqwgjl9kv6q4ufonr08t3n3dkcknube
INFO 2024-08-10 16:00:14,852 views dict_keys(['_auth_user_id', '_auth_user_backend', '_auth_user_hash', '15949918', '979095', '12873035', '25339401'])
INFO 2024-08-10 16:00:14,853 views 5dqwgjl9kv6q4ufonr08t3n3dkcknube
INFO 2024-08-10 16:00:17,917 views dict_keys(['_auth_user_id', '_auth_user_backend', '_auth_user_hash', '15949918', '979095', '12873035', '25339401'])
INFO 2024-08-10 16:00:17,918 views 5dqwgjl9kv6q4ufonr08t3n3dkcknube
INFO 2024-08-10 16:00:19,626 views dict_keys(['_auth_user_id', '_auth_user_backend', '_auth_user_hash', '15949918', '979095', '12873035', '25339401'])
INFO 2024-08-10 16:00:19,628 views 5dqwgjl9kv6q4ufonr08t3n3dkcknube
INFO 2024-08-10 16:00:30,761 views UserBooksView _auth_user_id: 39
INFO 2024-08-10 16:00:30,762 views UserBooksView user id: 39
INFO 2024-08-10 16:03:50,697 views UserBooksView _auth_user_id: 39
INFO 2024-08-10 16:03:50,698 views UserBooksView user id: 39
INFO 2024-08-10 16:03:52,652 views UserBooksView _auth_user_id: 39
INFO 2024-08-10 16:03:52,653 views UserBooksView user id: 39
INFO 2024-08-10 16:03:57,593 views Inside CompareBookView
INFO 2024-08-10 16:03:57,594 views New session for 21856092
INFO 2024-08-10 16:03:57,595 views dict_keys(['_auth_user_id', '_auth_user_backend', '_auth_user_hash', '15949918', '979095', '12873035', '25339401', '21856092'])
INFO 2024-08-10 16:03:57,595 views 5dqwgjl9kv6q4ufonr08t3n3dkcknube
INFO 2024-08-10 16:04:00,629 views dict_keys(['_auth_user_id', '_auth_user_backend', '_auth_user_hash', '15949918', '979095', '12873035', '25339401', '21856092'])
INFO 2024-08-10 16:04:00,630 views 5dqwgjl9kv6q4ufonr08t3n3dkcknube
INFO 2024-08-10 16:04:00,724 views UserBooksView _auth_user_id: 39
INFO 2024-08-10 16:04:00,725 views UserBooksView user id: 39
INFO 2024-08-10 16:04:01,576 views dict_keys(['_auth_user_id', '_auth_user_backend', '_auth_user_hash', '15949918', '979095', '12873035', '25339401', '21856092'])
INFO 2024-08-10 16:04:01,578 views 5dqwgjl9kv6q4ufonr08t3n3dkcknube
INFO 2024-08-10 16:04:01,651 views UserBooksView _auth_user_id: 39
INFO 2024-08-10 16:04:01,655 views UserBooksView user id: 39
INFO 2024-08-10 16:04:05,760 views dict_keys(['_auth_user_id', '_auth_user_backend', '_auth_user_hash', '15949918', '979095', '12873035', '25339401', '21856092'])
INFO 2024-08-10 16:04:05,762 views 5dqwgjl9kv6q4ufonr08t3n3dkcknube
INFO 2024-08-10 16:04:05,831 views UserBooksView _auth_user_id: 39
INFO 2024-08-10 16:04:05,833 views UserBooksView user id: 39
INFO 2024-08-10 16:06:30,973 views UserBooksView _auth_user_id: 39
INFO 2024-08-10 16:06:30,974 views UserBooksView user id: 39
INFO 2024-08-10 16:07:25,145 views UserBooksView _auth_user_id: 39
INFO 2024-08-10 16:07:25,147 views UserBooksView user id: 39
INFO 2024-08-10 16:08:42,470 views UserBooksView _auth_user_id: 39
INFO 2024-08-10 16:08:42,470 views UserBooksView user id: 39
INFO 2024-08-10 16:08:57,344 views UserBooksView _auth_user_id: 39
INFO 2024-08-10 16:08:57,344 views UserBooksView user id: 39
INFO 2024-08-10 16:10:04,860 views UserBooksView _auth_user_id: 39
INFO 2024-08-10 16:10:04,862 views UserBooksView user id: 39
INFO 2024-08-10 16:10:21,480 views dict_keys(['_auth_user_id', '_auth_user_backend', '_auth_user_hash', '15949918', '979095', '12873035', '25339401', '21856092'])
INFO 2024-08-10 16:10:21,481 views 5dqwgjl9kv6q4ufonr08t3n3dkcknube
INFO 2024-08-10 16:10:21,551 views UserBooksView _auth_user_id: 39
INFO 2024-08-10 16:10:21,553 views UserBooksView user id: 39
INFO 2024-08-10 16:10:23,570 views dict_keys(['_auth_user_id', '_auth_user_backend', '_auth_user_hash', '15949918', '979095', '12873035', '25339401', '21856092'])
INFO 2024-08-10 16:10:23,570 views 5dqwgjl9kv6q4ufonr08t3n3dkcknube
INFO 2024-08-10 16:10:23,656 views UserBooksView _auth_user_id: 39
INFO 2024-08-10 16:10:23,659 views UserBooksView user id: 39
INFO 2024-08-10 16:10:27,745 views dict_keys(['_auth_user_id', '_auth_user_backend', '_auth_user_hash', '15949918', '979095', '12873035', '25339401', '21856092'])
INFO 2024-08-10 16:10:27,746 views 5dqwgjl9kv6q4ufonr08t3n3dkcknube
INFO 2024-08-10 16:10:27,875 views UserBooksView _auth_user_id: 39
INFO 2024-08-10 16:10:27,880 views UserBooksView user id: 39
INFO 2024-08-10 16:10:28,073 views Inside CompareBookView
INFO 2024-08-10 16:10:28,074 views New session for 14863741
INFO 2024-08-10 16:10:28,075 views dict_keys(['_auth_user_id', '_auth_user_backend', '_auth_user_hash', '15949918', '979095', '12873035', '25339401', '21856092', '14863741'])
INFO 2024-08-10 16:10:28,075 views 5dqwgjl9kv6q4ufonr08t3n3dkcknube
INFO 2024-08-10 16:11:01,523 views UserBooksView _auth_user_id: 39
INFO 2024-08-10 16:11:01,526 views UserBooksView user id: 39
INFO 2024-08-10 16:13:56,310 views UserBooksView _auth_user_id: 39
INFO 2024-08-10 16:13:56,311 views UserBooksView user id: 39
INFO 2024-08-10 16:14:08,935 views UserBooksView _auth_user_id: 39
INFO 2024-08-10 16:14:08,937 views UserBooksView user id: 39
INFO 2024-08-10 16:14:53,440 views UserBooksView _auth_user_id: 39
INFO 2024-08-10 16:14:53,441 views UserBooksView user id: 39
INFO 2024-08-10 16:14:59,377 views UserBooksView _auth_user_id: 39
INFO 2024-08-10 16:14:59,378 views UserBooksView user id: 39
INFO 2024-08-10 16:15:04,913 views UserBooksView _auth_user_id: 39
INFO 2024-08-10 16:15:04,915 views UserBooksView user id: 39
INFO 2024-08-10 16:15:05,791 views UserBooksView _auth_user_id: 39
INFO 2024-08-10 16:15:05,792 views UserBooksView user id: 39
INFO 2024-08-10 16:15:06,286 views UserBooksView _auth_user_id: 39
INFO 2024-08-10 16:15:06,286 views UserBooksView user id: 39
INFO 2024-08-10 16:15:11,741 views UserBooksView _auth_user_id: 39
INFO 2024-08-10 16:15:11,744 views UserBooksView user id: 39
INFO 2024-08-10 16:15:18,855 views Inside CompareBookView
INFO 2024-08-10 16:15:18,856 views New session for 3143431
INFO 2024-08-10 16:15:18,857 views dict_keys(['_auth_user_id', '_auth_user_backend', '_auth_user_hash', '15949918', '979095', '12873035', '25339401', '21856092', '14863741', '3143431'])
INFO 2024-08-10 16:15:18,857 views 5dqwgjl9kv6q4ufonr08t3n3dkcknube
INFO 2024-08-10 16:15:20,705 views dict_keys(['_auth_user_id', '_auth_user_backend', '_auth_user_hash', '15949918', '979095', '12873035', '25339401', '21856092', '14863741', '3143431'])
INFO 2024-08-10 16:15:20,706 views 5dqwgjl9kv6q4ufonr08t3n3dkcknube
INFO 2024-08-10 16:15:20,807 views UserBooksView _auth_user_id: 39
INFO 2024-08-10 16:15:20,810 views UserBooksView user id: 39
INFO 2024-08-10 16:15:26,289 views UserBooksView _auth_user_id: 39
INFO 2024-08-10 16:15:26,290 views UserBooksView user id: 39
INFO 2024-08-10 16:15:32,241 views UserBooksView _auth_user_id: 39
INFO 2024-08-10 16:15:32,242 views UserBooksView user id: 39
INFO 2024-08-10 16:15:42,215 views UserBooksView _auth_user_id: 39
INFO 2024-08-10 16:15:42,217 views UserBooksView user id: 39
INFO 2024-08-10 16:15:51,688 views dict_keys(['_auth_user_id', '_auth_user_backend', '_auth_user_hash', '15949918', '979095', '12873035', '25339401', '21856092', '14863741', '3143431'])
INFO 2024-08-10 16:15:51,690 views 5dqwgjl9kv6q4ufonr08t3n3dkcknube
INFO 2024-08-10 16:15:51,759 views UserBooksView _auth_user_id: 39
INFO 2024-08-10 16:15:51,764 views UserBooksView user id: 39
INFO 2024-08-10 16:15:54,051 views dict_keys(['_auth_user_id', '_auth_user_backend', '_auth_user_hash', '15949918', '979095', '12873035', '25339401', '21856092', '14863741', '3143431'])
INFO 2024-08-10 16:15:54,053 views 5dqwgjl9kv6q4ufonr08t3n3dkcknube
INFO 2024-08-10 16:15:54,136 views UserBooksView _auth_user_id: 39
INFO 2024-08-10 16:15:54,140 views UserBooksView user id: 39
INFO 2024-08-10 16:17:15,732 views Inside CompareBookView
INFO 2024-08-10 16:17:15,732 views New session for 17613051
INFO 2024-08-10 16:17:15,733 views dict_keys(['_auth_user_id', '_auth_user_backend', '_auth_user_hash', '15949918', '979095', '12873035', '25339401', '21856092', '14863741', '3143431', '17613051'])
INFO 2024-08-10 16:17:15,733 views 5dqwgjl9kv6q4ufonr08t3n3dkcknube
INFO 2024-08-10 16:17:36,011 views UserBooksView _auth_user_id: 39
INFO 2024-08-10 16:17:36,018 views UserBooksView user id: 39
INFO 2024-08-10 16:17:44,464 views Inside CompareBookView
INFO 2024-08-10 16:17:44,464 views New session for 14423132
INFO 2024-08-10 16:17:44,465 views dict_keys(['_auth_user_id', '_auth_user_backend', '_auth_user_hash', '15949918', '979095', '12873035', '25339401', '21856092', '14863741', '3143431', '17613051', '14423132'])
INFO 2024-08-10 16:17:44,465 views 5dqwgjl9kv6q4ufonr08t3n3dkcknube
INFO 2024-08-10 16:18:36,907 views UserBooksView _auth_user_id: 39
INFO 2024-08-10 16:18:36,907 views UserBooksView user id: 39
INFO 2024-08-10 16:18:41,156 views UserBooksView _auth_user_id: 39
INFO 2024-08-10 16:18:41,157 views UserBooksView user id: 39
INFO 2024-08-10 16:18:56,789 views UserBooksView _auth_user_id: 39
INFO 2024-08-10 16:18:56,790 views UserBooksView user id: 39
INFO 2024-08-10 16:18:57,996 views UserBooksView _auth_user_id: 39
INFO 2024-08-10 16:18:57,997 views UserBooksView user id: 39
INFO 2024-08-10 16:18:58,027 views Inside CompareBookView
INFO 2024-08-10 16:18:58,028 views New session for 66322
INFO 2024-08-10 16:18:58,028 views dict_keys(['_auth_user_id', '_auth_user_backend', '_auth_user_hash', '15949918', '979095', '12873035', '25339401', '21856092', '14863741', '3143431', '17613051', '14423132', '66322'])
INFO 2024-08-10 16:18:58,030 views 5dqwgjl9kv6q4ufonr08t3n3dkcknube
INFO 2024-08-10 16:19:17,238 views UserBooksView _auth_user_id: 39
INFO 2024-08-10 16:19:17,241 views UserBooksView user id: 39
INFO 2024-08-10 16:19:17,254 views Inside CompareBookView
INFO 2024-08-10 16:19:17,254 views New session for 66322
INFO 2024-08-10 16:19:17,255 views dict_keys(['_auth_user_id', '_auth_user_backend', '_auth_user_hash', '15949918', '979095', '12873035', '25339401', '21856092', '14863741', '3143431', '17613051', '14423132', '66322'])
INFO 2024-08-10 16:19:17,255 views 5dqwgjl9kv6q4ufonr08t3n3dkcknube
INFO 2024-08-11 01:35:26,630 views Inside CompareBookView
INFO 2024-08-11 01:35:26,631 views New session for 66322
INFO 2024-08-11 01:35:26,632 views dict_keys(['_auth_user_id', '_auth_user_backend', '_auth_user_hash', '15949918', '979095', '12873035', '25339401', '21856092', '14863741', '3143431', '17613051', '14423132', '66322'])
INFO 2024-08-11 01:35:26,633 views 5dqwgjl9kv6q4ufonr08t3n3dkcknube
INFO 2024-08-11 01:37:17,785 views UserBooksView _auth_user_id: 39
INFO 2024-08-11 01:37:17,787 views UserBooksView user id: 39
INFO 2024-08-11 01:37:48,212 views UserBooksView _auth_user_id: 39
INFO 2024-08-11 01:37:48,214 views UserBooksView user id: 39
INFO 2024-08-11 01:37:48,228 views Inside CompareBookView
INFO 2024-08-11 01:37:48,228 views New session for 2120474
INFO 2024-08-11 01:37:48,229 views dict_keys(['_auth_user_id', '_auth_user_backend', '_auth_user_hash', '15949918', '979095', '12873035', '25339401', '21856092', '14863741', '3143431', '17613051', '14423132', '66322', '2120474'])
INFO 2024-08-11 01:37:48,229 views 5dqwgjl9kv6q4ufonr08t3n3dkcknube
INFO 2024-08-11 01:37:56,237 views UserBooksView _auth_user_id: 39
INFO 2024-08-11 01:37:56,238 views UserBooksView user id: 39
INFO 2024-08-11 01:37:56,250 views Inside CompareBookView
INFO 2024-08-11 01:37:56,251 views New session for 2120474
INFO 2024-08-11 01:37:56,252 views dict_keys(['_auth_user_id', '_auth_user_backend', '_auth_user_hash', '15949918', '979095', '12873035', '25339401', '21856092', '14863741', '3143431', '17613051', '14423132', '66322', '2120474'])
INFO 2024-08-11 01:37:56,253 views 5dqwgjl9kv6q4ufonr08t3n3dkcknube
INFO 2024-08-11 01:38:10,656 views UserBooksView _auth_user_id: 39
INFO 2024-08-11 01:38:10,657 views UserBooksView user id: 39
INFO 2024-08-11 01:38:10,678 views Inside CompareBookView
INFO 2024-08-11 01:38:10,678 views New session for 2120474
INFO 2024-08-11 01:38:10,679 views dict_keys(['_auth_user_id', '_auth_user_backend', '_auth_user_hash', '15949918', '979095', '12873035', '25339401', '21856092', '14863741', '3143431', '17613051', '14423132', '66322', '2120474'])
INFO 2024-08-11 01:38:10,680 views 5dqwgjl9kv6q4ufonr08t3n3dkcknube
INFO 2024-08-11 01:39:08,026 views UserBooksView _auth_user_id: 39
INFO 2024-08-11 01:39:08,026 views UserBooksView user id: 39
INFO 2024-08-11 01:39:12,346 views Inside CompareBookView
INFO 2024-08-11 01:39:12,346 views New session for 2120474
INFO 2024-08-11 01:39:12,347 views dict_keys(['_auth_user_id', '_auth_user_backend', '_auth_user_hash', '15949918', '979095', '12873035', '25339401', '21856092', '14863741', '3143431', '17613051', '14423132', '66322', '2120474'])
INFO 2024-08-11 01:39:12,348 views 5dqwgjl9kv6q4ufonr08t3n3dkcknube
INFO 2024-08-11 01:39:34,548 views dict_keys(['_auth_user_id', '_auth_user_backend', '_auth_user_hash', '15949918', '979095', '12873035', '25339401', '21856092', '14863741', '3143431', '17613051', '14423132', '66322', '2120474'])
INFO 2024-08-11 01:39:34,548 views 5dqwgjl9kv6q4ufonr08t3n3dkcknube
INFO 2024-08-11 01:39:34,621 views UserBooksView _auth_user_id: 39
INFO 2024-08-11 01:39:34,627 views UserBooksView user id: 39
INFO 2024-08-11 01:39:35,990 views dict_keys(['_auth_user_id', '_auth_user_backend', '_auth_user_hash', '15949918', '979095', '12873035', '25339401', '21856092', '14863741', '3143431', '17613051', '14423132', '66322', '2120474'])
INFO 2024-08-11 01:39:35,996 views 5dqwgjl9kv6q4ufonr08t3n3dkcknube
INFO 2024-08-11 01:39:36,094 views UserBooksView _auth_user_id: 39
INFO 2024-08-11 01:39:36,099 views UserBooksView user id: 39
INFO 2024-08-11 01:39:37,343 views dict_keys(['_auth_user_id', '_auth_user_backend', '_auth_user_hash', '15949918', '979095', '12873035', '25339401', '21856092', '14863741', '3143431', '17613051', '14423132', '66322', '2120474'])
INFO 2024-08-11 01:39:37,344 views 5dqwgjl9kv6q4ufonr08t3n3dkcknube
INFO 2024-08-11 01:39:37,422 views UserBooksView _auth_user_id: 39
INFO 2024-08-11 01:39:37,425 views UserBooksView user id: 39
INFO 2024-08-11 01:40:08,184 views UserBooksView _auth_user_id: 39
INFO 2024-08-11 01:40:08,185 views UserBooksView user id: 39
INFO 2024-08-11 01:44:59,811 views UserBooksView _auth_user_id: 39
INFO 2024-08-11 01:44:59,811 views UserBooksView user id: 39
INFO 2024-08-11 01:45:26,104 views Inside CompareBookView
INFO 2024-08-11 01:45:26,104 views New session for 46870277
INFO 2024-08-11 01:45:26,104 views dict_keys(['_auth_user_id', '_auth_user_backend', '_auth_user_hash', '15949918', '979095', '12873035', '25339401', '21856092', '14863741', '3143431', '17613051', '14423132', '66322', '2120474', '46870277'])
INFO 2024-08-11 01:45:26,105 views 5dqwgjl9kv6q4ufonr08t3n3dkcknube
INFO 2024-08-11 01:45:26,595 views UserBooksView _auth_user_id: 39
INFO 2024-08-11 01:45:26,595 views UserBooksView user id: 39
INFO 2024-08-11 01:46:10,935 views UserBooksView _auth_user_id: 39
INFO 2024-08-11 01:46:10,935 views UserBooksView user id: 39
INFO 2024-08-11 01:46:22,498 views dict_keys(['_auth_user_id', '_auth_user_backend', '_auth_user_hash', '15949918', '979095', '12873035', '25339401', '21856092', '14863741', '3143431', '17613051', '14423132', '66322', '2120474', '46870277'])
INFO 2024-08-11 01:46:22,499 views 5dqwgjl9kv6q4ufonr08t3n3dkcknube
INFO 2024-08-11 01:46:23,069 views UserBooksView _auth_user_id: 39
INFO 2024-08-11 01:46:23,069 views UserBooksView user id: 39
INFO 2024-08-11 01:46:27,800 views dict_keys(['_auth_user_id', '_auth_user_backend', '_auth_user_hash', '15949918', '979095', '12873035', '25339401', '21856092', '14863741', '3143431', '17613051', '14423132', '66322', '2120474', '46870277'])
INFO 2024-08-11 01:46:27,804 views 5dqwgjl9kv6q4ufonr08t3n3dkcknube
INFO 2024-08-11 01:46:28,392 views UserBooksView _auth_user_id: 39
INFO 2024-08-11 01:46:28,393 views UserBooksView user id: 39
INFO 2024-08-11 01:46:31,274 views dict_keys(['_auth_user_id', '_auth_user_backend', '_auth_user_hash', '15949918', '979095', '12873035', '25339401', '21856092', '14863741', '3143431', '17613051', '14423132', '66322', '2120474', '46870277'])
INFO 2024-08-11 01:46:31,275 views 5dqwgjl9kv6q4ufonr08t3n3dkcknube
INFO 2024-08-11 01:46:31,859 views UserBooksView _auth_user_id: 39
INFO 2024-08-11 01:46:31,860 views UserBooksView user id: 39
INFO 2024-08-11 01:53:36,799 views UserBooksView _auth_user_id: 39
INFO 2024-08-11 01:53:36,800 views UserBooksView user id: 39
INFO 2024-08-11 01:53:56,796 views UserBooksView _auth_user_id: 39
INFO 2024-08-11 01:53:56,797 views UserBooksView user id: 39
INFO 2024-08-11 01:54:04,934 views UserBooksView _auth_user_id: 39
INFO 2024-08-11 01:54:04,935 views UserBooksView user id: 39
INFO 2024-08-11 01:54:37,201 views UserBooksView _auth_user_id: 39
INFO 2024-08-11 01:54:37,201 views UserBooksView user id: 39
INFO 2024-08-11 01:55:12,736 views UserBooksView _auth_user_id: 39
INFO 2024-08-11 01:55:12,736 views UserBooksView user id: 39
INFO 2024-08-11 01:55:56,879 views Inside CompareBookView
INFO 2024-08-11 01:55:56,879 views New session for 16037981
INFO 2024-08-11 01:55:56,880 views dict_keys(['_auth_user_id', '_auth_user_backend', '_auth_user_hash', '15949918', '979095', '12873035', '25339401', '21856092', '14863741', '3143431', '17613051', '14423132', '66322', '2120474', '46870277', '16037981'])
INFO 2024-08-11 01:55:56,881 views 5dqwgjl9kv6q4ufonr08t3n3dkcknube
INFO 2024-08-11 02:17:04,267 views UserBooksView _auth_user_id: 39
INFO 2024-08-11 02:17:04,275 views UserBooksView user id: 39
INFO 2024-08-11 02:17:09,003 views Inside CompareBookView
INFO 2024-08-11 02:17:09,003 views New session for 2793516
INFO 2024-08-11 02:17:09,004 views dict_keys(['_auth_user_id', '_auth_user_backend', '_auth_user_hash', '15949918', '979095', '12873035', '25339401', '21856092', '14863741', '3143431', '17613051', '14423132', '66322', '2120474', '46870277', '16037981', '2793516'])
INFO 2024-08-11 02:17:09,006 views 5dqwgjl9kv6q4ufonr08t3n3dkcknube
INFO 2024-08-11 02:17:12,813 views dict_keys(['_auth_user_id', '_auth_user_backend', '_auth_user_hash', '15949918', '979095', '12873035', '25339401', '21856092', '14863741', '3143431', '17613051', '14423132', '66322', '2120474', '46870277', '16037981', '2793516'])
INFO 2024-08-11 02:17:12,814 views 5dqwgjl9kv6q4ufonr08t3n3dkcknube
INFO 2024-08-11 02:17:13,376 views UserBooksView _auth_user_id: 39
INFO 2024-08-11 02:17:13,377 views UserBooksView user id: 39
INFO 2024-08-11 02:17:14,144 views dict_keys(['_auth_user_id', '_auth_user_backend', '_auth_user_hash', '15949918', '979095', '12873035', '25339401', '21856092', '14863741', '3143431', '17613051', '14423132', '66322', '2120474', '46870277', '16037981', '2793516'])
INFO 2024-08-11 02:17:14,145 views 5dqwgjl9kv6q4ufonr08t3n3dkcknube
INFO 2024-08-11 02:17:14,711 views UserBooksView _auth_user_id: 39
INFO 2024-08-11 02:17:14,711 views UserBooksView user id: 39
INFO 2024-08-11 02:17:15,917 views dict_keys(['_auth_user_id', '_auth_user_backend', '_auth_user_hash', '15949918', '979095', '12873035', '25339401', '21856092', '14863741', '3143431', '17613051', '14423132', '66322', '2120474', '46870277', '16037981', '2793516'])
INFO 2024-08-11 02:17:15,918 views 5dqwgjl9kv6q4ufonr08t3n3dkcknube
INFO 2024-08-11 02:17:16,497 views UserBooksView _auth_user_id: 39
INFO 2024-08-11 02:17:16,499 views UserBooksView user id: 39
INFO 2024-08-11 02:21:26,799 views UserBooksView _auth_user_id: 39
INFO 2024-08-11 02:21:26,800 views UserBooksView user id: 39
INFO 2024-08-11 02:25:27,008 views UserBooksView _auth_user_id: 39
INFO 2024-08-11 02:25:27,009 views UserBooksView user id: 39
INFO 2024-08-11 02:28:42,911 views UserBooksView _auth_user_id: 39
INFO 2024-08-11 02:28:42,912 views UserBooksView user id: 39
INFO 2024-08-11 02:35:00,470 views UserBooksView _auth_user_id: 39
INFO 2024-08-11 02:35:00,472 views UserBooksView user id: 39
INFO 2024-08-11 02:35:04,570 views dict_keys(['_auth_user_id', '_auth_user_backend', '_auth_user_hash', '15949918', '979095', '12873035', '25339401', '21856092', '14863741', '3143431', '17613051', '14423132', '66322', '2120474', '46870277', '16037981', '2793516'])
INFO 2024-08-11 02:35:04,570 views 5dqwgjl9kv6q4ufonr08t3n3dkcknube
INFO 2024-08-11 02:35:05,171 views UserBooksView _auth_user_id: 39
INFO 2024-08-11 02:35:05,172 views UserBooksView user id: 39
INFO 2024-08-11 02:35:05,914 views dict_keys(['_auth_user_id', '_auth_user_backend', '_auth_user_hash', '15949918', '979095', '12873035', '25339401', '21856092', '14863741', '3143431', '17613051', '14423132', '66322', '2120474', '46870277', '16037981', '2793516'])
INFO 2024-08-11 02:35:05,915 views 5dqwgjl9kv6q4ufonr08t3n3dkcknube
INFO 2024-08-11 02:35:06,522 views UserBooksView _auth_user_id: 39
INFO 2024-08-11 02:35:06,523 views UserBooksView user id: 39
INFO 2024-08-11 02:35:07,578 views dict_keys(['_auth_user_id', '_auth_user_backend', '_auth_user_hash', '15949918', '979095', '12873035', '25339401', '21856092', '14863741', '3143431', '17613051', '14423132', '66322', '2120474', '46870277', '16037981', '2793516'])
INFO 2024-08-11 02:35:07,579 views 5dqwgjl9kv6q4ufonr08t3n3dkcknube
INFO 2024-08-11 02:35:07,747 views Inside CompareBookView
INFO 2024-08-11 02:35:07,748 views New session for 6257025
INFO 2024-08-11 02:35:07,749 views dict_keys(['_auth_user_id', '_auth_user_backend', '_auth_user_hash', '15949918', '979095', '12873035', '25339401', '21856092', '14863741', '3143431', '17613051', '14423132', '66322', '2120474', '46870277', '16037981', '2793516', '6257025'])
INFO 2024-08-11 02:35:07,749 views 5dqwgjl9kv6q4ufonr08t3n3dkcknube
INFO 2024-08-11 02:35:08,150 views UserBooksView _auth_user_id: 39
INFO 2024-08-11 02:35:08,151 views UserBooksView user id: 39
INFO 2024-08-11 02:35:17,921 views dict_keys(['_auth_user_id', '_auth_user_backend', '_auth_user_hash', '15949918', '979095', '12873035', '25339401', '21856092', '14863741', '3143431', '17613051', '14423132', '66322', '2120474', '46870277', '16037981', '2793516', '6257025'])
INFO 2024-08-11 02:35:17,922 views 5dqwgjl9kv6q4ufonr08t3n3dkcknube
INFO 2024-08-11 02:35:18,489 views UserBooksView _auth_user_id: 39
INFO 2024-08-11 02:35:18,490 views UserBooksView user id: 39
INFO 2024-08-11 02:35:18,942 views dict_keys(['_auth_user_id', '_auth_user_backend', '_auth_user_hash', '15949918', '979095', '12873035', '25339401', '21856092', '14863741', '3143431', '17613051', '14423132', '66322', '2120474', '46870277', '16037981', '2793516', '6257025'])
INFO 2024-08-11 02:35:18,943 views 5dqwgjl9kv6q4ufonr08t3n3dkcknube
INFO 2024-08-11 02:35:19,509 views UserBooksView _auth_user_id: 39
INFO 2024-08-11 02:35:19,510 views UserBooksView user id: 39
INFO 2024-08-11 02:35:21,105 views dict_keys(['_auth_user_id', '_auth_user_backend', '_auth_user_hash', '15949918', '979095', '12873035', '25339401', '21856092', '14863741', '3143431', '17613051', '14423132', '66322', '2120474', '46870277', '16037981', '2793516', '6257025'])
INFO 2024-08-11 02:35:21,105 views 5dqwgjl9kv6q4ufonr08t3n3dkcknube
INFO 2024-08-11 02:35:21,677 views UserBooksView _auth_user_id: 39
INFO 2024-08-11 02:35:21,678 views UserBooksView user id: 39
INFO 2024-08-11 02:35:33,010 views Inside CompareBookView
INFO 2024-08-11 02:35:33,011 views New session for 26984941
INFO 2024-08-11 02:35:33,012 views dict_keys(['_auth_user_id', '_auth_user_backend', '_auth_user_hash', '15949918', '979095', '12873035', '25339401', '21856092', '14863741', '3143431', '17613051', '14423132', '66322', '2120474', '46870277', '16037981', '2793516', '6257025', '26984941'])
INFO 2024-08-11 02:35:33,013 views 5dqwgjl9kv6q4ufonr08t3n3dkcknube
INFO 2024-08-11 02:35:36,314 views dict_keys(['_auth_user_id', '_auth_user_backend', '_auth_user_hash', '15949918', '979095', '12873035', '25339401', '21856092', '14863741', '3143431', '17613051', '14423132', '66322', '2120474', '46870277', '16037981', '2793516', '6257025', '26984941'])
INFO 2024-08-11 02:35:36,314 views 5dqwgjl9kv6q4ufonr08t3n3dkcknube
INFO 2024-08-11 02:35:36,887 views UserBooksView _auth_user_id: 39
INFO 2024-08-11 02:35:36,888 views UserBooksView user id: 39
INFO 2024-08-11 02:35:38,504 views dict_keys(['_auth_user_id', '_auth_user_backend', '_auth_user_hash', '15949918', '979095', '12873035', '25339401', '21856092', '14863741', '3143431', '17613051', '14423132', '66322', '2120474', '46870277', '16037981', '2793516', '6257025', '26984941'])
INFO 2024-08-11 02:35:38,505 views 5dqwgjl9kv6q4ufonr08t3n3dkcknube
INFO 2024-08-11 02:35:39,086 views UserBooksView _auth_user_id: 39
INFO 2024-08-11 02:35:39,087 views UserBooksView user id: 39
INFO 2024-08-11 02:35:39,850 views dict_keys(['_auth_user_id', '_auth_user_backend', '_auth_user_hash', '15949918', '979095', '12873035', '25339401', '21856092', '14863741', '3143431', '17613051', '14423132', '66322', '2120474', '46870277', '16037981', '2793516', '6257025', '26984941'])
INFO 2024-08-11 02:35:39,851 views 5dqwgjl9kv6q4ufonr08t3n3dkcknube
INFO 2024-08-11 02:35:40,424 views UserBooksView _auth_user_id: 39
INFO 2024-08-11 02:35:40,425 views UserBooksView user id: 39
INFO 2024-08-11 12:56:34,853 views UserBooksView _auth_user_id: 39
INFO 2024-08-11 12:56:34,854 views UserBooksView user id: 39
INFO 2024-08-11 13:07:16,594 views UserBooksView _auth_user_id: 39
INFO 2024-08-11 13:07:16,595 views UserBooksView user id: 39
INFO 2024-08-11 13:08:00,129 views UserBooksView _auth_user_id: 39
INFO 2024-08-11 13:08:00,133 views UserBooksView user id: 39
INFO 2024-08-11 13:08:25,937 views UserBooksView _auth_user_id: 39
INFO 2024-08-11 13:08:25,938 views UserBooksView user id: 39
INFO 2024-08-11 13:10:18,818 views UserBooksView _auth_user_id: 39
INFO 2024-08-11 13:10:18,820 views UserBooksView user id: 39
INFO 2024-08-11 13:10:28,898 views UserBooksView _auth_user_id: 39
INFO 2024-08-11 13:10:28,899 views UserBooksView user id: 39
INFO 2024-08-11 13:10:36,408 views Inside CompareBookView
INFO 2024-08-11 13:10:36,409 views New session for 26115977
INFO 2024-08-11 13:10:36,409 views dict_keys(['_auth_user_id', '_auth_user_backend', '_auth_user_hash', '15949918', '979095', '12873035', '25339401', '21856092', '14863741', '3143431', '17613051', '14423132', '66322', '2120474', '46870277', '16037981', '2793516', '6257025', '26984941', '26115977'])
INFO 2024-08-11 13:10:36,410 views 5dqwgjl9kv6q4ufonr08t3n3dkcknube
INFO 2024-08-11 13:11:34,800 views dict_keys(['_auth_user_id', '_auth_user_backend', '_auth_user_hash', '15949918', '979095', '12873035', '25339401', '21856092', '14863741', '3143431', '17613051', '14423132', '66322', '2120474', '46870277', '16037981', '2793516', '6257025', '26984941', '26115977'])
INFO 2024-08-11 13:11:34,801 views 5dqwgjl9kv6q4ufonr08t3n3dkcknube
INFO 2024-08-11 13:11:35,391 views UserBooksView _auth_user_id: 39
INFO 2024-08-11 13:11:35,392 views UserBooksView user id: 39
INFO 2024-08-11 13:11:37,256 views dict_keys(['_auth_user_id', '_auth_user_backend', '_auth_user_hash', '15949918', '979095', '12873035', '25339401', '21856092', '14863741', '3143431', '17613051', '14423132', '66322', '2120474', '46870277', '16037981', '2793516', '6257025', '26984941', '26115977'])
INFO 2024-08-11 13:11:37,265 views 5dqwgjl9kv6q4ufonr08t3n3dkcknube
INFO 2024-08-11 13:11:37,871 views UserBooksView _auth_user_id: 39
INFO 2024-08-11 13:11:37,871 views UserBooksView user id: 39
INFO 2024-08-11 13:11:39,623 views dict_keys(['_auth_user_id', '_auth_user_backend', '_auth_user_hash', '15949918', '979095', '12873035', '25339401', '21856092', '14863741', '3143431', '17613051', '14423132', '66322', '2120474', '46870277', '16037981', '2793516', '6257025', '26984941', '26115977'])
INFO 2024-08-11 13:11:39,624 views 5dqwgjl9kv6q4ufonr08t3n3dkcknube
INFO 2024-08-11 13:11:40,237 views UserBooksView _auth_user_id: 39
INFO 2024-08-11 13:11:40,238 views UserBooksView user id: 39
INFO 2024-08-11 13:14:30,722 views UserBooksView _auth_user_id: 39
INFO 2024-08-11 13:14:30,723 views UserBooksView user id: 39
INFO 2024-08-11 13:16:20,124 views UserBooksView _auth_user_id: 39
INFO 2024-08-11 13:16:20,125 views UserBooksView user id: 39
INFO 2024-08-11 13:50:02,752 views Inside CompareBookView
INFO 2024-08-11 13:50:02,752 views New session for 488848
INFO 2024-08-11 13:50:02,754 views dict_keys(['_auth_user_id', '_auth_user_backend', '_auth_user_hash', '15949918', '979095', '12873035', '25339401', '21856092', '14863741', '3143431', '17613051', '14423132', '66322', '2120474', '46870277', '16037981', '2793516', '6257025', '26984941', '26115977', '488848'])
INFO 2024-08-11 13:50:02,755 views 5dqwgjl9kv6q4ufonr08t3n3dkcknube
INFO 2024-08-11 13:50:06,655 views dict_keys(['_auth_user_id', '_auth_user_backend', '_auth_user_hash', '15949918', '979095', '12873035', '25339401', '21856092', '14863741', '3143431', '17613051', '14423132', '66322', '2120474', '46870277', '16037981', '2793516', '6257025', '26984941', '26115977', '488848'])
INFO 2024-08-11 13:50:06,657 views 5dqwgjl9kv6q4ufonr08t3n3dkcknube
INFO 2024-08-11 13:50:07,905 views dict_keys(['_auth_user_id', '_auth_user_backend', '_auth_user_hash', '15949918', '979095', '12873035', '25339401', '21856092', '14863741', '3143431', '17613051', '14423132', '66322', '2120474', '46870277', '16037981', '2793516', '6257025', '26984941', '26115977', '488848'])
INFO 2024-08-11 13:50:07,907 views 5dqwgjl9kv6q4ufonr08t3n3dkcknube
INFO 2024-08-11 13:50:09,853 views dict_keys(['_auth_user_id', '_auth_user_backend', '_auth_user_hash', '15949918', '979095', '12873035', '25339401', '21856092', '14863741', '3143431', '17613051', '14423132', '66322', '2120474', '46870277', '16037981', '2793516', '6257025', '26984941', '26115977', '488848'])
INFO 2024-08-11 13:50:09,854 views 5dqwgjl9kv6q4ufonr08t3n3dkcknube
INFO 2024-08-11 13:53:52,527 views Inside CompareBookView
INFO 2024-08-11 13:53:52,533 views New session for 1072532
INFO 2024-08-11 13:53:52,534 views dict_keys(['_auth_user_id', '_auth_user_backend', '_auth_user_hash', '15949918', '979095', '12873035', '25339401', '21856092', '14863741', '3143431', '17613051', '14423132', '66322', '2120474', '46870277', '16037981', '2793516', '6257025', '26984941', '26115977', '488848', '1072532'])
INFO 2024-08-11 13:53:52,535 views 5dqwgjl9kv6q4ufonr08t3n3dkcknube
INFO 2024-08-11 14:03:49,222 views Inside CompareBookView
INFO 2024-08-11 14:03:49,228 views New session for 2529437
INFO 2024-08-11 14:03:49,229 views dict_keys(['_auth_user_id', '_auth_user_backend', '_auth_user_hash', '15949918', '979095', '12873035', '25339401', '21856092', '14863741', '3143431', '17613051', '14423132', '66322', '2120474', '46870277', '16037981', '2793516', '6257025', '26984941', '26115977', '488848', '1072532', '2529437'])
INFO 2024-08-11 14:03:49,230 views 5dqwgjl9kv6q4ufonr08t3n3dkcknube
INFO 2024-08-11 14:05:41,692 views Inside CompareBookView
INFO 2024-08-11 14:05:41,693 views New session for 7272274
INFO 2024-08-11 14:05:41,694 views dict_keys(['_auth_user_id', '_auth_user_backend', '_auth_user_hash', '15949918', '979095', '12873035', '25339401', '21856092', '14863741', '3143431', '17613051', '14423132', '66322', '2120474', '46870277', '16037981', '2793516', '6257025', '26984941', '26115977', '488848', '1072532', '2529437', '7272274'])
INFO 2024-08-11 14:05:41,695 views 5dqwgjl9kv6q4ufonr08t3n3dkcknube
INFO 2024-08-11 14:06:46,866 views Inside CompareBookView
INFO 2024-08-11 14:06:46,871 views New session for 19115716
INFO 2024-08-11 14:06:46,871 views dict_keys(['_auth_user_id', '_auth_user_backend', '_auth_user_hash', '15949918', '979095', '12873035', '25339401', '21856092', '14863741', '3143431', '17613051', '14423132', '66322', '2120474', '46870277', '16037981', '2793516', '6257025', '26984941', '26115977', '488848', '1072532', '2529437', '7272274', '19115716'])
INFO 2024-08-11 14:06:46,872 views 5dqwgjl9kv6q4ufonr08t3n3dkcknube
INFO 2024-08-11 14:12:44,713 views Inside CompareBookView
INFO 2024-08-11 14:12:44,713 views New session for 14854527
INFO 2024-08-11 14:12:44,714 views dict_keys(['_auth_user_id', '_auth_user_backend', '_auth_user_hash', '15949918', '979095', '12873035', '25339401', '21856092', '14863741', '3143431', '17613051', '14423132', '66322', '2120474', '46870277', '16037981', '2793516', '6257025', '26984941', '26115977', '488848', '1072532', '2529437', '7272274', '19115716', '14854527'])
INFO 2024-08-11 14:12:44,715 views 5dqwgjl9kv6q4ufonr08t3n3dkcknube
INFO 2024-08-11 14:12:54,478 views dict_keys(['_auth_user_id', '_auth_user_backend', '_auth_user_hash', '15949918', '979095', '12873035', '25339401', '21856092', '14863741', '3143431', '17613051', '14423132', '66322', '2120474', '46870277', '16037981', '2793516', '6257025', '26984941', '26115977', '488848', '1072532', '2529437', '7272274', '19115716', '14854527'])
INFO 2024-08-11 14:12:54,479 views 5dqwgjl9kv6q4ufonr08t3n3dkcknube
INFO 2024-08-11 14:12:55,851 views dict_keys(['_auth_user_id', '_auth_user_backend', '_auth_user_hash', '15949918', '979095', '12873035', '25339401', '21856092', '14863741', '3143431', '17613051', '14423132', '66322', '2120474', '46870277', '16037981', '2793516', '6257025', '26984941', '26115977', '488848', '1072532', '2529437', '7272274', '19115716', '14854527'])
INFO 2024-08-11 14:12:55,853 views 5dqwgjl9kv6q4ufonr08t3n3dkcknube
INFO 2024-08-11 14:12:56,991 views dict_keys(['_auth_user_id', '_auth_user_backend', '_auth_user_hash', '15949918', '979095', '12873035', '25339401', '21856092', '14863741', '3143431', '17613051', '14423132', '66322', '2120474', '46870277', '16037981', '2793516', '6257025', '26984941', '26115977', '488848', '1072532', '2529437', '7272274', '19115716', '14854527'])
INFO 2024-08-11 14:12:56,997 views 5dqwgjl9kv6q4ufonr08t3n3dkcknube
INFO 2024-08-11 14:39:19,373 views Inside CompareBookView
INFO 2024-08-11 14:39:19,374 views New session for 3417510
INFO 2024-08-11 14:39:19,375 views dict_keys(['_auth_user_id', '_auth_user_backend', '_auth_user_hash', '15949918', '979095', '12873035', '25339401', '21856092', '14863741', '3143431', '17613051', '14423132', '66322', '2120474', '46870277', '16037981', '2793516', '6257025', '26984941', '26115977', '488848', '1072532', '2529437', '7272274', '19115716', '14854527', '3417510'])
INFO 2024-08-11 14:39:19,375 views 5dqwgjl9kv6q4ufonr08t3n3dkcknube
INFO 2024-08-11 14:39:23,316 views dict_keys(['_auth_user_id', '_auth_user_backend', '_auth_user_hash', '15949918', '979095', '12873035', '25339401', '21856092', '14863741', '3143431', '17613051', '14423132', '66322', '2120474', '46870277', '16037981', '2793516', '6257025', '26984941', '26115977', '488848', '1072532', '2529437', '7272274', '19115716', '14854527', '3417510'])
INFO 2024-08-11 14:39:23,317 views 5dqwgjl9kv6q4ufonr08t3n3dkcknube
INFO 2024-08-11 14:39:24,410 views dict_keys(['_auth_user_id', '_auth_user_backend', '_auth_user_hash', '15949918', '979095', '12873035', '25339401', '21856092', '14863741', '3143431', '17613051', '14423132', '66322', '2120474', '46870277', '16037981', '2793516', '6257025', '26984941', '26115977', '488848', '1072532', '2529437', '7272274', '19115716', '14854527', '3417510'])
INFO 2024-08-11 14:39:24,410 views 5dqwgjl9kv6q4ufonr08t3n3dkcknube
INFO 2024-08-11 14:39:25,351 views dict_keys(['_auth_user_id', '_auth_user_backend', '_auth_user_hash', '15949918', '979095', '12873035', '25339401', '21856092', '14863741', '3143431', '17613051', '14423132', '66322', '2120474', '46870277', '16037981', '2793516', '6257025', '26984941', '26115977', '488848', '1072532', '2529437', '7272274', '19115716', '14854527', '3417510'])
INFO 2024-08-11 14:39:25,352 views 5dqwgjl9kv6q4ufonr08t3n3dkcknube
INFO 2024-08-11 14:39:27,874 views UserBooksView _auth_user_id: 39
INFO 2024-08-11 14:39:27,874 views UserBooksView user id: 39
INFO 2024-08-11 14:41:54,719 views UserBooksView _auth_user_id: 39
INFO 2024-08-11 14:41:54,719 views UserBooksView user id: 39
INFO 2024-08-11 16:33:05,271 views Session post-logout dict_items([])
INFO 2024-08-11 16:33:24,035 views After Signup _auth_user_id: 40
INFO 2024-08-11 16:33:24,035 views After Signup user id: 40
INFO 2024-08-11 16:35:11,613 views Inside CompareBookView
INFO 2024-08-11 16:35:11,614 views New session for 2402163
INFO 2024-08-11 16:35:11,614 views dict_keys(['_auth_user_id', '_auth_user_backend', '_auth_user_hash', '2402163'])
INFO 2024-08-11 16:35:11,615 views sr0xt1019uv0i7upo66ku505mcd8f5lq
INFO 2024-08-11 16:49:14,806 views Inside CompareBookView
INFO 2024-08-11 16:49:14,807 views New session for 2792775
INFO 2024-08-11 16:49:14,808 views dict_keys(['_auth_user_id', '_auth_user_backend', '_auth_user_hash', '2402163', '2792775'])
INFO 2024-08-11 16:49:14,808 views sr0xt1019uv0i7upo66ku505mcd8f5lq
INFO 2024-08-11 16:49:27,557 views Inside CompareBookView
INFO 2024-08-11 16:49:27,558 views New session for 4640799
INFO 2024-08-11 16:49:27,559 views dict_keys(['_auth_user_id', '_auth_user_backend', '_auth_user_hash', '2402163', '2792775', '4640799'])
INFO 2024-08-11 16:49:27,561 views sr0xt1019uv0i7upo66ku505mcd8f5lq
INFO 2024-08-11 16:56:32,246 views dict_keys(['_auth_user_id', '_auth_user_backend', '_auth_user_hash', '2402163', '2792775', '4640799'])
INFO 2024-08-11 16:56:32,247 views sr0xt1019uv0i7upo66ku505mcd8f5lq
INFO 2024-08-11 17:21:23,666 views Session post-logout dict_items([])
INFO 2024-08-11 18:30:34,733 views After Login _auth_user_id: 40
INFO 2024-08-11 18:30:34,734 views After Login user id: 40
INFO 2024-08-11 18:30:34,784 views After Login _auth_user_id: 40
INFO 2024-08-11 18:30:34,785 views After Login user id: 40
INFO 2024-08-11 18:32:04,226 views After Login _auth_user_id: 40
INFO 2024-08-11 18:32:04,226 views After Login user id: 40
INFO 2024-08-11 18:33:22,340 views Inside CompareBookView
INFO 2024-08-11 18:33:22,340 views New session for 2556437
INFO 2024-08-11 18:33:22,341 views dict_keys(['_auth_user_id', '_auth_user_backend', '_auth_user_hash', '2556437'])
INFO 2024-08-11 18:33:22,341 views q83sur8yla6yb2lqfpsvcvsu810cs1jd
INFO 2024-08-11 18:33:26,005 views dict_keys(['_auth_user_id', '_auth_user_backend', '_auth_user_hash', '2556437'])
INFO 2024-08-11 18:33:26,005 views q83sur8yla6yb2lqfpsvcvsu810cs1jd
INFO 2024-08-11 18:33:42,384 views dict_keys(['_auth_user_id', '_auth_user_backend', '_auth_user_hash', '2556437'])
INFO 2024-08-11 18:33:42,384 views q83sur8yla6yb2lqfpsvcvsu810cs1jd
INFO 2024-08-11 18:33:43,286 views dict_keys(['_auth_user_id', '_auth_user_backend', '_auth_user_hash', '2556437'])
INFO 2024-08-11 18:33:43,286 views q83sur8yla6yb2lqfpsvcvsu810cs1jd
INFO 2024-08-11 18:38:45,060 views Session post-logout dict_items([])
INFO 2024-08-11 23:28:29,542 views After Login _auth_user_id: 40
INFO 2024-08-11 23:28:29,543 views After Login user id: 40
INFO 2024-11-21 21:19:37,644 views After Login _auth_user_id: 39
INFO 2024-11-21 21:19:37,644 views After Login user id: 39
INFO 2024-11-21 21:22:04,276 views After Login _auth_user_id: 39
INFO 2024-11-21 21:22:04,277 views After Login user id: 39
INFO 2024-11-21 21:37:21,567 views Session post-logout dict_items([])
INFO 2024-11-21 21:37:35,514 views Session post-logout dict_items([])
INFO 2024-11-21 21:38:04,204 views Inside CompareBookView
INFO 2024-11-21 21:38:04,205 views New session for 19115716
INFO 2024-11-21 21:38:04,205 views dict_keys(['_auth_user_id', '_auth_user_backend', '_auth_user_hash', '19115716'])
INFO 2024-11-21 21:38:04,205 views evgxvkrvwany6dcs7rsie893ki4npgi9
INFO 2024-11-21 21:38:07,384 views dict_keys(['_auth_user_id', '_auth_user_backend', '_auth_user_hash', '19115716'])
INFO 2024-11-21 21:38:07,385 views evgxvkrvwany6dcs7rsie893ki4npgi9
INFO 2024-11-21 21:39:36,717 views dict_keys(['_auth_user_id', '_auth_user_backend', '_auth_user_hash', '19115716'])
INFO 2024-11-21 21:39:36,718 views evgxvkrvwany6dcs7rsie893ki4npgi9
INFO 2024-11-21 21:39:38,731 views dict_keys(['_auth_user_id', '_auth_user_backend', '_auth_user_hash', '19115716'])
INFO 2024-11-21 21:39:38,732 views evgxvkrvwany6dcs7rsie893ki4npgi9
INFO 2024-11-21 21:39:39,651 views Inside CompareBookView
INFO 2024-11-21 21:39:39,651 views New session for 7272274
INFO 2024-11-21 21:39:39,652 views dict_keys(['_auth_user_id', '_auth_user_backend', '_auth_user_hash', '19115716', '7272274'])
INFO 2024-11-21 21:39:39,652 views evgxvkrvwany6dcs7rsie893ki4npgi9
INFO 2024-11-21 21:39:48,378 views dict_keys(['_auth_user_id', '_auth_user_backend', '_auth_user_hash', '19115716', '7272274'])
INFO 2024-11-21 21:39:48,379 views evgxvkrvwany6dcs7rsie893ki4npgi9
INFO 2024-11-21 21:39:50,055 views dict_keys(['_auth_user_id', '_auth_user_backend', '_auth_user_hash', '19115716', '7272274'])
INFO 2024-11-21 21:39:50,057 views evgxvkrvwany6dcs7rsie893ki4npgi9
INFO 2024-11-21 21:39:52,277 views dict_keys(['_auth_user_id', '_auth_user_backend', '_auth_user_hash', '19115716', '7272274'])
INFO 2024-11-21 21:39:52,278 views evgxvkrvwany6dcs7rsie893ki4npgi9
INFO 2024-11-21 21:39:53,195 views Inside CompareBookView
INFO 2024-11-21 21:39:53,196 views New session for 2529437
INFO 2024-11-21 21:39:53,196 views dict_keys(['_auth_user_id', '_auth_user_backend', '_auth_user_hash', '19115716', '7272274', '2529437'])
INFO 2024-11-21 21:39:53,196 views evgxvkrvwany6dcs7rsie893ki4npgi9
INFO 2024-11-21 21:39:55,859 views dict_keys(['_auth_user_id', '_auth_user_backend', '_auth_user_hash', '19115716', '7272274', '2529437'])
INFO 2024-11-21 21:39:55,860 views evgxvkrvwany6dcs7rsie893ki4npgi9
INFO 2024-11-21 21:39:58,017 views dict_keys(['_auth_user_id', '_auth_user_backend', '_auth_user_hash', '19115716', '7272274', '2529437'])
INFO 2024-11-21 21:39:58,018 views evgxvkrvwany6dcs7rsie893ki4npgi9
INFO 2024-11-21 21:39:59,570 views dict_keys(['_auth_user_id', '_auth_user_backend', '_auth_user_hash', '19115716', '7272274', '2529437'])
INFO 2024-11-21 21:39:59,571 views evgxvkrvwany6dcs7rsie893ki4npgi9
INFO 2024-11-21 21:40:00,487 views Inside CompareBookView
INFO 2024-11-21 21:40:00,487 views New session for 1072532
INFO 2024-11-21 21:40:00,488 views dict_keys(['_auth_user_id', '_auth_user_backend', '_auth_user_hash', '19115716', '7272274', '2529437', '1072532'])
INFO 2024-11-21 21:40:00,488 views evgxvkrvwany6dcs7rsie893ki4npgi9
INFO 2024-11-21 21:41:41,431 views Inside CompareBookView
INFO 2024-11-21 21:41:41,432 views New session for 171715
INFO 2024-11-21 21:41:41,433 views dict_keys(['_auth_user_id', '_auth_user_backend', '_auth_user_hash', '19115716', '7272274', '2529437', '1072532', '171715'])
INFO 2024-11-21 21:41:41,433 views evgxvkrvwany6dcs7rsie893ki4npgi9
INFO 2024-11-21 21:44:00,744 views Inside CompareBookView
INFO 2024-11-21 21:44:00,745 views New session for 4668002
INFO 2024-11-21 21:44:00,745 views dict_keys(['_auth_user_id', '_auth_user_backend', '_auth_user_hash', '19115716', '7272274', '2529437', '1072532', '171715', '4668002'])
INFO 2024-11-21 21:44:00,746 views evgxvkrvwany6dcs7rsie893ki4npgi9
INFO 2024-11-21 21:57:01,046 views dict_keys(['_auth_user_id', '_auth_user_backend', '_auth_user_hash', '19115716', '7272274', '2529437', '1072532', '171715', '4668002', '503752', '2768848', '8812783'])
INFO 2024-11-21 21:57:01,046 views evgxvkrvwany6dcs7rsie893ki4npgi9
INFO 2024-11-21 21:57:03,355 views dict_keys(['_auth_user_id', '_auth_user_backend', '_auth_user_hash', '19115716', '7272274', '2529437', '1072532', '171715', '4668002', '503752', '2768848', '8812783'])
INFO 2024-11-21 21:57:03,355 views evgxvkrvwany6dcs7rsie893ki4npgi9
INFO 2024-11-21 21:57:05,098 views dict_keys(['_auth_user_id', '_auth_user_backend', '_auth_user_hash', '19115716', '7272274', '2529437', '1072532', '171715', '4668002', '503752', '2768848', '8812783'])
INFO 2024-11-21 21:57:05,098 views evgxvkrvwany6dcs7rsie893ki4npgi9
INFO 2024-11-21 21:58:27,857 views dict_keys(['_auth_user_id', '_auth_user_backend', '_auth_user_hash', '19115716', '7272274', '2529437', '1072532', '171715', '4668002', '503752', '2768848', '8812783', '44515677'])
INFO 2024-11-21 21:58:27,857 views evgxvkrvwany6dcs7rsie893ki4npgi9
INFO 2024-11-21 21:58:29,589 views dict_keys(['_auth_user_id', '_auth_user_backend', '_auth_user_hash', '19115716', '7272274', '2529437', '1072532', '171715', '4668002', '503752', '2768848', '8812783', '44515677'])
INFO 2024-11-21 21:58:29,589 views evgxvkrvwany6dcs7rsie893ki4npgi9
INFO 2024-11-21 21:58:31,408 views dict_keys(['_auth_user_id', '_auth_user_backend', '_auth_user_hash', '19115716', '7272274', '2529437', '1072532', '171715', '4668002', '503752', '2768848', '8812783', '44515677'])
INFO 2024-11-21 21:58:31,408 views evgxvkrvwany6dcs7rsie893ki4npgi9
INFO 2024-11-21 22:20:00,068 views dict_keys(['_auth_user_id', '_auth_user_backend', '_auth_user_hash', '3346751'])
INFO 2024-11-21 22:20:00,068 views ag99g5347jvy58muxb9q9n51kuw01zik
INFO 2024-11-21 22:20:04,103 views dict_keys(['_auth_user_id', '_auth_user_backend', '_auth_user_hash', '3346751'])
INFO 2024-11-21 22:20:04,104 views ag99g5347jvy58muxb9q9n51kuw01zik
INFO 2024-11-21 22:20:06,181 views dict_keys(['_auth_user_id', '_auth_user_backend', '_auth_user_hash', '3346751'])
INFO 2024-11-21 22:20:06,182 views ag99g5347jvy58muxb9q9n51kuw01zik
INFO 2024-11-22 22:44:52,643 views dict_keys(['_auth_user_id', '_auth_user_backend', '_auth_user_hash', '3346751', '1398418'])
INFO 2024-11-22 22:44:52,643 views ag99g5347jvy58muxb9q9n51kuw01zik
INFO 2024-11-22 22:44:54,353 views dict_keys(['_auth_user_id', '_auth_user_backend', '_auth_user_hash', '3346751', '1398418'])
INFO 2024-11-22 22:44:54,354 views ag99g5347jvy58muxb9q9n51kuw01zik
INFO 2024-11-22 22:44:56,236 views dict_keys(['_auth_user_id', '_auth_user_backend', '_auth_user_hash', '3346751', '1398418'])
INFO 2024-11-22 22:44:56,237 views ag99g5347jvy58muxb9q9n51kuw01zik
INFO 2024-11-22 22:46:07,705 views Session post-logout dict_items([])
INFO 2024-11-22 22:47:07,427 views After Signup _auth_user_id: 41
INFO 2024-11-22 22:47:07,428 views After Signup user id: 41
INFO 2024-11-23 17:03:33,605 views Session post-logout dict_items([])
INFO 2024-11-23 17:03:49,895 views After Signup _auth_user_id: 42
INFO 2024-11-23 17:03:49,895 views After Signup user id: 42
INFO 2024-11-23 17:06:46,110 views After Signup _auth_user_id: 43
INFO 2024-11-23 17:06:46,111 views After Signup user id: 43
INFO 2024-11-23 17:09:51,503 views Session post-logout dict_items([])
